Datum,Artikelname,A-Code,B-Code,Ergebnis-Code,Intensität,URL,Anmerkung
02.Nov.2025,[[Serkan Kaya,A1,B6,E1,12,https://de.wikipedia.org/wiki/Wikipedia:L%C3%B6schkandidaten/2._November_2025,
02.Nov.2025,[[Sons of Neukölln]],A1,B6,E1,5,https://de.wikipedia.org/wiki/Wikipedia:L%C3%B6schkandidaten/2._November_2025,
02.Nov.2025,[[Frankfurter Nachrichten,A1,B1,E1,36,https://de.wikipedia.org/wiki/Wikipedia:L%C3%B6schkandidaten/2._November_2025,
02.Nov.2025,[[Semacode]],A0,B8,E6,3,https://de.wikipedia.org/wiki/Wikipedia:L%C3%B6schkandidaten/2._November_2025,
02.Nov.2025,[[Sekundärmigration]],A9,B8,E2,20,https://de.wikipedia.org/wiki/Wikipedia:L%C3%B6schkandidaten/2._November_2025,
02.Nov.2025,[[Horst Stuhlmann]],A1,B1,E1,7,https://de.wikipedia.org/wiki/Wikipedia:L%C3%B6schkandidaten/2._November_2025,
02.Nov.2025,[[Bernhard Radhoff]],A0,B1,E1,3,https://de.wikipedia.org/wiki/Wikipedia:L%C3%B6schkandidaten/2._November_2025,
02.Nov.2025,[[Bayernjäger]],A0,B8,E1,24,https://de.wikipedia.org/wiki/Wikipedia:L%C3%B6schkandidaten/2._November_2025,
02.Nov.2025,[[Yohani Lauwo]],A0,B1,E7,23,https://de.wikipedia.org/wiki/Wikipedia:L%C3%B6schkandidaten/2._November_2025,
02.Nov.2025,[[Ruth und Gerd Massenberg-Stiftung]],A4,B3,E1,14,https://de.wikipedia.org/wiki/Wikipedia:L%C3%B6schkandidaten/2._November_2025,
02.Nov.2025,[[-phagie]],A0,B8,E6,5,https://de.wikipedia.org/wiki/Wikipedia:L%C3%B6schkandidaten/2._November_2025,
02.Nov.2025,[[Notfallschutz]],A6,B8,E1,17,https://de.wikipedia.org/wiki/Wikipedia:L%C3%B6schkandidaten/2._November_2025,
02.Nov.2025,[[Notfallschutz,A0,B8,E1,10,https://de.wikipedia.org/wiki/Wikipedia:L%C3%B6schkandidaten/2._November_2025,
02.Nov.2025,[[Friedrich Tölle]],A1,B1,E2,5,https://de.wikipedia.org/wiki/Wikipedia:L%C3%B6schkandidaten/2._November_2025,
02.Nov.2025,[[Meike Thüllen]],A1,B1,E1,6,https://de.wikipedia.org/wiki/Wikipedia:L%C3%B6schkandidaten/2._November_2025,
02.Nov.2025,[[Taro Yashima]],A0,B6,E1,15,https://de.wikipedia.org/wiki/Wikipedia:L%C3%B6schkandidaten/2._November_2025,
02.Nov.2025,[[Johannes Alois Theodor Nienhausen]],A0,B2,E2,7,https://de.wikipedia.org/wiki/Wikipedia:L%C3%B6schkandidaten/2._November_2025,
02.Nov.2025,[[Werner Rambow]],A5,B3,E1,11,https://de.wikipedia.org/wiki/Wikipedia:L%C3%B6schkandidaten/2._November_2025,
02.Nov.2025,[[Philipp Gorbachev]],A4,B1,E2,54,https://de.wikipedia.org/wiki/Wikipedia:L%C3%B6schkandidaten/2._November_2025,
02.Nov.2025,[[CAGE]],A4,B8,E1,14,https://de.wikipedia.org/wiki/Wikipedia:L%C3%B6schkandidaten/2._November_2025,
02.Nov.2025,[[Jürgen und Maria Elisabeth Rasmus Stiftung]],A1,B3,E1,20,https://de.wikipedia.org/wiki/Wikipedia:L%C3%B6schkandidaten/2._November_2025,
07.Nov.2025,[[Liste von Projekten mit Best-Architects-Label]],A7,B4,E1,58,https://de.wikipedia.org/wiki/Wikipedia:L%C3%B6schkandidaten/7._November_2025,
07.Nov.2025,[[Joël Luc Cachelin]],A0,B1,E3,5,https://de.wikipedia.org/wiki/Wikipedia:L%C3%B6schkandidaten/7._November_2025,
07.Nov.2025,[[Yookyung Nho-von Blumröder]],A4,B6,E1,6,https://de.wikipedia.org/wiki/Wikipedia:L%C3%B6schkandidaten/7._November_2025,
07.Nov.2025,[[Andri Frischknecht]],A0,B4,E6,6,https://de.wikipedia.org/wiki/Wikipedia:L%C3%B6schkandidaten/7._November_2025,
07.Nov.2025,[[Volksbank Eppertshausen]],A2,B1,E3,3,https://de.wikipedia.org/wiki/Wikipedia:L%C3%B6schkandidaten/7._November_2025,
07.Nov.2025,[[Rama Duwaji]],A0,B1,E3,7,https://de.wikipedia.org/wiki/Wikipedia:L%C3%B6schkandidaten/7._November_2025,
07.Nov.2025,[[Günter-Eberhard Orlowski]],A4,B1,E1,7,https://de.wikipedia.org/wiki/Wikipedia:L%C3%B6schkandidaten/7._November_2025,
07.Nov.2025,[[Manuela Richter-Werling]],A1,B3,E3,14,https://de.wikipedia.org/wiki/Wikipedia:L%C3%B6schkandidaten/7._November_2025,
07.Nov.2025,[[Happy Size]],A1,B3,E1,6,https://de.wikipedia.org/wiki/Wikipedia:L%C3%B6schkandidaten/7._November_2025,
07.Nov.2025,[[Joachim Knollmann]],A4,B1,E1,11,https://de.wikipedia.org/wiki/Wikipedia:L%C3%B6schkandidaten/7._November_2025,
07.Nov.2025,[[Ferdinand Aßhoff]],A1,B1,E2,16,https://de.wikipedia.org/wiki/Wikipedia:L%C3%B6schkandidaten/7._November_2025,
12.Nov.2025,[[Mitsubishi Ki-109]],A4,B8,E6,8,https://de.wikipedia.org/wiki/Wikipedia:L%C3%B6schkandidaten/12._November_2025,
12.Nov.2025,[[Maik Menke]],A1,B1,E2,23,https://de.wikipedia.org/wiki/Wikipedia:L%C3%B6schkandidaten/12._November_2025,
12.Nov.2025,[[Christoph Reifferscheid]],A1,B1,E6,5,https://de.wikipedia.org/wiki/Wikipedia:L%C3%B6schkandidaten/12._November_2025,
12.Nov.2025,[[Laura Braun]],A1,B6,E1,9,https://de.wikipedia.org/wiki/Wikipedia:L%C3%B6schkandidaten/12._November_2025,
12.Nov.2025,[[Zisgeschlechtlichkeit]],A0,B6,E1,13,https://de.wikipedia.org/wiki/Wikipedia:L%C3%B6schkandidaten/12._November_2025,
12.Nov.2025,[[Daniel Detambel]],A1,B6,E1,47,https://de.wikipedia.org/wiki/Wikipedia:L%C3%B6schkandidaten/12._November_2025,
12.Nov.2025,[[Gerinne 624572]],A7,B8,E1,10,https://de.wikipedia.org/wiki/Wikipedia:L%C3%B6schkandidaten/12._November_2025,
12.Nov.2025,[[Recruitee]],A1,B8,E1,4,https://de.wikipedia.org/wiki/Wikipedia:L%C3%B6schkandidaten/12._November_2025,
12.Nov.2025,[[Palm Angel]],A1,B1,E1,5,https://de.wikipedia.org/wiki/Wikipedia:L%C3%B6schkandidaten/12._November_2025,
12.Nov.2025,[[Corky Siemaszko]],A1,B1,E1,7,https://de.wikipedia.org/wiki/Wikipedia:L%C3%B6schkandidaten/12._November_2025,
12.Nov.2025,[[Carolina Misiano]],A0,B1,E2,7,https://de.wikipedia.org/wiki/Wikipedia:L%C3%B6schkandidaten/12._November_2025,
12.Nov.2025,[[Grigory Alumyan]],A0,B1,E2,2,https://de.wikipedia.org/wiki/Wikipedia:L%C3%B6schkandidaten/12._November_2025,
12.Nov.2025,[[Subway Super Series 2003]],A1,B4,E1,2,https://de.wikipedia.org/wiki/Wikipedia:L%C3%B6schkandidaten/12._November_2025,
17.Nov.2025,[[Lovense]],A7,B1,E2,13,https://de.wikipedia.org/wiki/Wikipedia:L%C3%B6schkandidaten/17._November_2025,
17.Nov.2025,[[TSV Holzerode]],A1,B1,E7,9,https://de.wikipedia.org/wiki/Wikipedia:L%C3%B6schkandidaten/17._November_2025,
17.Nov.2025,[[Ensor,A4,B8,E3,21,https://de.wikipedia.org/wiki/Wikipedia:L%C3%B6schkandidaten/17._November_2025,
17.Nov.2025,[[Ida Mayer]],A1,B1,E1,7,https://de.wikipedia.org/wiki/Wikipedia:L%C3%B6schkandidaten/17._November_2025,
17.Nov.2025,[[Robert Leicht,A4,B8,E1,29,https://de.wikipedia.org/wiki/Wikipedia:L%C3%B6schkandidaten/17._November_2025,
17.Nov.2025,[[Pacura doc]],A0,B3,E7,4,https://de.wikipedia.org/wiki/Wikipedia:L%C3%B6schkandidaten/17._November_2025,
17.Nov.2025,[[Markus Thiele,A1,B1,E1,18,https://de.wikipedia.org/wiki/Wikipedia:L%C3%B6schkandidaten/17._November_2025,
17.Nov.2025,[[Ernst Aly]],A7,B1,E2,20,https://de.wikipedia.org/wiki/Wikipedia:L%C3%B6schkandidaten/17._November_2025,
17.Nov.2025,[[Aden Hashi Ayro]],A9,B8,E2,2,https://de.wikipedia.org/wiki/Wikipedia:L%C3%B6schkandidaten/17._November_2025,
17.Nov.2025,[[F3 Fight Flash Fraud]],A9,B8,E1,4,https://de.wikipedia.org/wiki/Wikipedia:L%C3%B6schkandidaten/17._November_2025,
17.Nov.2025,[[Super Stars]],A9,B3,E1,4,https://de.wikipedia.org/wiki/Wikipedia:L%C3%B6schkandidaten/17._November_2025,
17.Nov.2025,[[Dokura]],A0,B4,E6,9,https://de.wikipedia.org/wiki/Wikipedia:L%C3%B6schkandidaten/17._November_2025,
17.Nov.2025,[[Whocan.org]],A1,B8,E1,15,https://de.wikipedia.org/wiki/Wikipedia:L%C3%B6schkandidaten/17._November_2025,
17.Nov.2025,[[People of Song]],A1,B6,E1,2,https://de.wikipedia.org/wiki/Wikipedia:L%C3%B6schkandidaten/17._November_2025,
17.Nov.2025,[[Contemporary Branding]],A1,B1,E1,10,https://de.wikipedia.org/wiki/Wikipedia:L%C3%B6schkandidaten/17._November_2025,
17.Nov.2025,[[FC Sans Pauli]],A1,B4,E1,37,https://de.wikipedia.org/wiki/Wikipedia:L%C3%B6schkandidaten/17._November_2025,
17.Nov.2025,[[Dylan Dreyer]],A0,B1,E3,8,https://de.wikipedia.org/wiki/Wikipedia:L%C3%B6schkandidaten/17._November_2025,
17.Nov.2025,[[Karl Anders,A1,B3,E1,38,https://de.wikipedia.org/wiki/Wikipedia:L%C3%B6schkandidaten/17._November_2025,
17.Nov.2025,[[Arlette Zakarian]],A1,B3,E1,13,https://de.wikipedia.org/wiki/Wikipedia:L%C3%B6schkandidaten/17._November_2025,
17.Nov.2025,[[Pimcore]],A1,B8,E1,2,https://de.wikipedia.org/wiki/Wikipedia:L%C3%B6schkandidaten/17._November_2025,
17.Nov.2025,[[Lina Marie]],A1,B1,E2,18,https://de.wikipedia.org/wiki/Wikipedia:L%C3%B6schkandidaten/17._November_2025,
17.Nov.2025,[[Hermann Korfmacher]],A1,B1,E2,24,https://de.wikipedia.org/wiki/Wikipedia:L%C3%B6schkandidaten/17._November_2025,
22.Nov.2025,[[Streetbandits]],A4,B1,E1,10,https://de.wikipedia.org/wiki/Wikipedia:L%C3%B6schkandidaten/22._November_2025,
22.Nov.2025,[[FatComedy]],A1,B6,E1,50,https://de.wikipedia.org/wiki/Wikipedia:L%C3%B6schkandidaten/22._November_2025,
22.Nov.2025,[[Hans-Werner Karch]],A1,B1,E1,13,https://de.wikipedia.org/wiki/Wikipedia:L%C3%B6schkandidaten/22._November_2025,
22.Nov.2025,[[Carsten Gensing]],A1,B6,E2,20,https://de.wikipedia.org/wiki/Wikipedia:L%C3%B6schkandidaten/22._November_2025,
22.Nov.2025,[[Gesellschaftsspieler-gesucht]],A1,B1,E1,15,https://de.wikipedia.org/wiki/Wikipedia:L%C3%B6schkandidaten/22._November_2025,
22.Nov.2025,[[Platte.Berlin]],A1,B3,E1,37,https://de.wikipedia.org/wiki/Wikipedia:L%C3%B6schkandidaten/22._November_2025,
22.Nov.2025,[[Mwendokasi]],A0,B8,E7,4,https://de.wikipedia.org/wiki/Wikipedia:L%C3%B6schkandidaten/22._November_2025,
22.Nov.2025,[[Zeina Moneer]],A1,B1,E1,3,https://de.wikipedia.org/wiki/Wikipedia:L%C3%B6schkandidaten/22._November_2025,
22.Nov.2025,[[Melodic Black Metal]],A0,B8,E1,6,https://de.wikipedia.org/wiki/Wikipedia:L%C3%B6schkandidaten/22._November_2025,
22.Nov.2025,[[Adoc Studio]],A1,B6,E1,18,https://de.wikipedia.org/wiki/Wikipedia:L%C3%B6schkandidaten/22._November_2025,
22.Nov.2025,[[Paolo Battaglia La Terra Borgese]],A1,B1,E1,6,https://de.wikipedia.org/wiki/Wikipedia:L%C3%B6schkandidaten/22._November_2025,
22.Nov.2025,[[Hadschi-Prodanović-Aufstand]],A0,B8,E7,1,https://de.wikipedia.org/wiki/Wikipedia:L%C3%B6schkandidaten/22._November_2025,
22.Nov.2025,[[Schwarze Meeresschildkröte]],A0,B1,E6,9,https://de.wikipedia.org/wiki/Wikipedia:L%C3%B6schkandidaten/22._November_2025,
22.Nov.2025,[[Integrationsbeauftragter,A0,B8,E1,3,https://de.wikipedia.org/wiki/Wikipedia:L%C3%B6schkandidaten/22._November_2025,
22.Nov.2025,[[Vorwürfe eines US-amerikanischen Genozids an Japanern]],A4,B8,E7,6,https://de.wikipedia.org/wiki/Wikipedia:L%C3%B6schkandidaten/22._November_2025,
22.Nov.2025,[[Achim aus Chorweiler]],A5,B5,E1,4,https://de.wikipedia.org/wiki/Wikipedia:L%C3%B6schkandidaten/22._November_2025,
22.Nov.2025,[[Pugu Nature Forest Reserve]],A4,B2,E2,4,https://de.wikipedia.org/wiki/Wikipedia:L%C3%B6schkandidaten/22._November_2025,
22.Nov.2025,[[Harry Kreismann-Stiftung]],A1,B3,E1,5,https://de.wikipedia.org/wiki/Wikipedia:L%C3%B6schkandidaten/22._November_2025,
27.Nov.2025,[[Lückenliste]],A4,B8,E1,49,https://de.wikipedia.org/wiki/Wikipedia:L%C3%B6schkandidaten/27._November_2025,
27.Nov.2025,[[Opekta,A4,B8,E1,12,https://de.wikipedia.org/wiki/Wikipedia:L%C3%B6schkandidaten/27._November_2025,
27.Nov.2025,[[Yasemin Toprak]],A1,B6,E1,7,https://de.wikipedia.org/wiki/Wikipedia:L%C3%B6schkandidaten/27._November_2025,
27.Nov.2025,[[Maha El Hissy]],A1,B6,E1,25,https://de.wikipedia.org/wiki/Wikipedia:L%C3%B6schkandidaten/27._November_2025,
27.Nov.2025,[[Xoşewîst]],A0,B8,E3,1,https://de.wikipedia.org/wiki/Wikipedia:L%C3%B6schkandidaten/27._November_2025,
27.Nov.2025,[[Ringelfolk]],A4,B1,E1,8,https://de.wikipedia.org/wiki/Wikipedia:L%C3%B6schkandidaten/27._November_2025,
27.Nov.2025,[[Dieters Frohe Zukunft]],A4,B8,E1,1,https://de.wikipedia.org/wiki/Wikipedia:L%C3%B6schkandidaten/27._November_2025,
27.Nov.2025,[[Jürgen Dreißig]],A1,B1,E1,11,https://de.wikipedia.org/wiki/Wikipedia:L%C3%B6schkandidaten/27._November_2025,
27.Nov.2025,[[Feuertanz,A5,B6,E1,5,https://de.wikipedia.org/wiki/Wikipedia:L%C3%B6schkandidaten/27._November_2025,
27.Nov.2025,[[Betiel Berhe]],A1,B6,E1,7,https://de.wikipedia.org/wiki/Wikipedia:L%C3%B6schkandidaten/27._November_2025,
27.Nov.2025,[[Maryam Aras]],A1,B1,E3,1,https://de.wikipedia.org/wiki/Wikipedia:L%C3%B6schkandidaten/27._November_2025,
27.Nov.2025,[[Burkard Freitag]],A1,B3,E1,11,https://de.wikipedia.org/wiki/Wikipedia:L%C3%B6schkandidaten/27._November_2025,
27.Nov.2025,[[DraCor]],A1,B1,E1,11,https://de.wikipedia.org/wiki/Wikipedia:L%C3%B6schkandidaten/27._November_2025,
27.Nov.2025,[[Franz Steinko]],A1,B2,E2,15,https://de.wikipedia.org/wiki/Wikipedia:L%C3%B6schkandidaten/27._November_2025,
27.Nov.2025,[[Nachti]],A1,B4,E2,9,https://de.wikipedia.org/wiki/Wikipedia:L%C3%B6schkandidaten/27._November_2025,
27.Nov.2025,[[Josephine Worseck]],A1,B1,E1,9,https://de.wikipedia.org/wiki/Wikipedia:L%C3%B6schkandidaten/27._November_2025,
27.Nov.2025,[[Agilolf]],A4,B8,E1,6,https://de.wikipedia.org/wiki/Wikipedia:L%C3%B6schkandidaten/27._November_2025,
27.Nov.2025,[[Eva Schönberg]],A9,B1,E2,59,https://de.wikipedia.org/wiki/Wikipedia:L%C3%B6schkandidaten/27._November_2025,
27.Nov.2025,[[Johann Jakob Motz]],A9,B1,E2,21,https://de.wikipedia.org/wiki/Wikipedia:L%C3%B6schkandidaten/27._November_2025,
27.Nov.2025,[[Skinfit]],A1,B8,E1,9,https://de.wikipedia.org/wiki/Wikipedia:L%C3%B6schkandidaten/27._November_2025,
27.Nov.2025,[[ZukunftsDesign]],A1,B8,E1,12,https://de.wikipedia.org/wiki/Wikipedia:L%C3%B6schkandidaten/27._November_2025,
02.Dez.2025,[[Liste in Belize vorhandener Dampflokomotiven]],A5,B8,E1,9,https://de.wikipedia.org/wiki/Wikipedia:L%C3%B6schkandidaten/2._Dezember_2025,
02.Dez.2025,[[LSE 25 Index]],A4,B8,E1,15,https://de.wikipedia.org/wiki/Wikipedia:L%C3%B6schkandidaten/2._Dezember_2025,
02.Dez.2025,[[Kimberly Rydell]],A1,B1,E3,10,https://de.wikipedia.org/wiki/Wikipedia:L%C3%B6schkandidaten/2._Dezember_2025,
02.Dez.2025,[[Hans Weber Maschinenfabrik]],A1,B8,E7,7,https://de.wikipedia.org/wiki/Wikipedia:L%C3%B6schkandidaten/2._Dezember_2025,
02.Dez.2025,[[Ted Skuchas]],A4,B1,E3,3,https://de.wikipedia.org/wiki/Wikipedia:L%C3%B6schkandidaten/2._Dezember_2025,
02.Dez.2025,[[Bayerisches Hochschulinnovationsgesetz]],A9,B1,E1,6,https://de.wikipedia.org/wiki/Wikipedia:L%C3%B6schkandidaten/2._Dezember_2025,
02.Dez.2025,[[Franz Bretz]],A4,B1,E1,11,https://de.wikipedia.org/wiki/Wikipedia:L%C3%B6schkandidaten/2._Dezember_2025,
02.Dez.2025,[[Richard Volderauer]],A1,B1,E2,8,https://de.wikipedia.org/wiki/Wikipedia:L%C3%B6schkandidaten/2._Dezember_2025,
02.Dez.2025,[[Adrian Maxhuni]],A1,B1,E1,10,https://de.wikipedia.org/wiki/Wikipedia:L%C3%B6schkandidaten/2._Dezember_2025,
02.Dez.2025,[[George Harold Brown]],A4,B8,E6,8,https://de.wikipedia.org/wiki/Wikipedia:L%C3%B6schkandidaten/2._Dezember_2025,
02.Dez.2025,[[Fort Road FC]],A9,B8,E6,7,https://de.wikipedia.org/wiki/Wikipedia:L%C3%B6schkandidaten/2._Dezember_2025,
02.Dez.2025,[[Urlings Golden Stars]],A9,B8,E2,15,https://de.wikipedia.org/wiki/Wikipedia:L%C3%B6schkandidaten/2._Dezember_2025,
02.Dez.2025,[[TipTop,A5,B6,E2,23,https://de.wikipedia.org/wiki/Wikipedia:L%C3%B6schkandidaten/2._Dezember_2025,
02.Dez.2025,[[PACHi]],A3,B8,E1,4,https://de.wikipedia.org/wiki/Wikipedia:L%C3%B6schkandidaten/2._Dezember_2025,
02.Dez.2025,[[Culture of Solidarity]],A1,B3,E1,4,https://de.wikipedia.org/wiki/Wikipedia:L%C3%B6schkandidaten/2._Dezember_2025,
02.Dez.2025,[[Sneha Revanur]],A1,B1,E2,8,https://de.wikipedia.org/wiki/Wikipedia:L%C3%B6schkandidaten/2._Dezember_2025,
02.Dez.2025,[[Thomann Nutzfahrzeuge]],A1,B1,E1,30,https://de.wikipedia.org/wiki/Wikipedia:L%C3%B6schkandidaten/2._Dezember_2025,
02.Dez.2025,[[Gleitender Neuwertfaktor]],A4,B1,E1,14,https://de.wikipedia.org/wiki/Wikipedia:L%C3%B6schkandidaten/2._Dezember_2025,
02.Dez.2025,[[Fabian Moritz]],A7,B4,E1,3,https://de.wikipedia.org/wiki/Wikipedia:L%C3%B6schkandidaten/2._Dezember_2025,
02.Dez.2025,[[Tim Sturm]],A1,B1,E1,37,https://de.wikipedia.org/wiki/Wikipedia:L%C3%B6schkandidaten/2._Dezember_2025,
02.Dez.2025,[[Aurelia,A7,B8,E1,12,https://de.wikipedia.org/wiki/Wikipedia:L%C3%B6schkandidaten/2._Dezember_2025,
02.Dez.2025,[[Feuerwehr Uplengen-West]],A1,B1,E7,12,https://de.wikipedia.org/wiki/Wikipedia:L%C3%B6schkandidaten/2._Dezember_2025,
02.Dez.2025,[[Dr. Marschall-Preis]],A0,B8,E1,3,https://de.wikipedia.org/wiki/Wikipedia:L%C3%B6schkandidaten/2._Dezember_2025,
02.Dez.2025,[[Medienverein Echtzeit]],A9,B3,E1,6,https://de.wikipedia.org/wiki/Wikipedia:L%C3%B6schkandidaten/2._Dezember_2025,
02.Dez.2025,[[Mississippi Rifles,A4,B8,E1,13,https://de.wikipedia.org/wiki/Wikipedia:L%C3%B6schkandidaten/2._Dezember_2025,
02.Dez.2025,[[Hauptstrasse 290]],A1,B8,E2,13,https://de.wikipedia.org/wiki/Wikipedia:L%C3%B6schkandidaten/2._Dezember_2025,
07.Dez.2025,[[Buchhandlung Peterknecht]],A1,B6,E1,39,https://de.wikipedia.org/wiki/Wikipedia:L%C3%B6schkandidaten/7._Dezember_2025,
07.Dez.2025,[[Chiara Malz]],A1,B1,E1,15,https://de.wikipedia.org/wiki/Wikipedia:L%C3%B6schkandidaten/7._Dezember_2025,
07.Dez.2025,[[Friedrich-August von Brühl]],A1,B1,E1,14,https://de.wikipedia.org/wiki/Wikipedia:L%C3%B6schkandidaten/7._Dezember_2025,
07.Dez.2025,[[Mordfall Johann Heinrich Rieber]],A5,B8,E2,20,https://de.wikipedia.org/wiki/Wikipedia:L%C3%B6schkandidaten/7._Dezember_2025,
12.Dez.2025,"[[Liste bekannter Wissenschaftler, die das Vorgehen der israelischen Streitkräfte im Gazastreifen in den Jahren 2023 bis 2025 als Genozid bewertet haben]]",A7,B1,E1,33,https://de.wikipedia.org/wiki/Wikipedia:L%C3%B6schkandidaten/12._Dezember_2025,
12.Dez.2025,[[COSMIC desktop]],A7,B8,E2,25,https://de.wikipedia.org/wiki/Wikipedia:L%C3%B6schkandidaten/12._Dezember_2025,
12.Dez.2025,[[Plumento Foods]],A1,B1,E1,14,https://de.wikipedia.org/wiki/Wikipedia:L%C3%B6schkandidaten/12._Dezember_2025,
12.Dez.2025,[[Janina Lin Otto]],A1,B3,E1,5,https://de.wikipedia.org/wiki/Wikipedia:L%C3%B6schkandidaten/12._Dezember_2025,
12.Dez.2025,[[Friedrich Hägele]],A1,B1,E6,13,https://de.wikipedia.org/wiki/Wikipedia:L%C3%B6schkandidaten/12._Dezember_2025,
12.Dez.2025,[[RESourceEU-Aktionsplan]],A1,B8,E1,16,https://de.wikipedia.org/wiki/Wikipedia:L%C3%B6schkandidaten/12._Dezember_2025,
12.Dez.2025,[[Kreisjugendkonvent]],A1,B6,E1,7,https://de.wikipedia.org/wiki/Wikipedia:L%C3%B6schkandidaten/12._Dezember_2025,
12.Dez.2025,[[Autrans Méaudre-en-Vercors]],A0,B8,E7,1,https://de.wikipedia.org/wiki/Wikipedia:L%C3%B6schkandidaten/12._Dezember_2025,
12.Dez.2025,[[Medizinische Fakultät,A9,B8,E1,6,https://de.wikipedia.org/wiki/Wikipedia:L%C3%B6schkandidaten/12._Dezember_2025,
12.Dez.2025,[[Komitee Eigenmietwert-Nein]],A6,B1,E1,39,https://de.wikipedia.org/wiki/Wikipedia:L%C3%B6schkandidaten/12._Dezember_2025,
12.Dez.2025,[[Brendan Carr,A0,B8,E7,4,https://de.wikipedia.org/wiki/Wikipedia:L%C3%B6schkandidaten/12._Dezember_2025,
12.Dez.2025,[[Lorenzateliers]],A4,B8,E6,4,https://de.wikipedia.org/wiki/Wikipedia:L%C3%B6schkandidaten/12._Dezember_2025,
12.Dez.2025,[[Marchelgrube]],A5,B8,E2,26,https://de.wikipedia.org/wiki/Wikipedia:L%C3%B6schkandidaten/12._Dezember_2025,
12.Dez.2025,[[Luiz Carlos Saldanha]],A0,B6,E3,4,https://de.wikipedia.org/wiki/Wikipedia:L%C3%B6schkandidaten/12._Dezember_2025,
12.Dez.2025,[[Christian Lawory]],A1,B1,E1,2,https://de.wikipedia.org/wiki/Wikipedia:L%C3%B6schkandidaten/12._Dezember_2025,
12.Dez.2025,[[Fischkuchen]],A0,B8,E1,26,https://de.wikipedia.org/wiki/Wikipedia:L%C3%B6schkandidaten/12._Dezember_2025,
12.Dez.2025,[[Hasental,A0,B8,E3,12,https://de.wikipedia.org/wiki/Wikipedia:L%C3%B6schkandidaten/12._Dezember_2025,
12.Dez.2025,[[Toxizyste]],A0,B8,E2,2,https://de.wikipedia.org/wiki/Wikipedia:L%C3%B6schkandidaten/12._Dezember_2025,
12.Dez.2025,[[Nylsvley Nature Reserve]],A0,B8,E2,2,https://de.wikipedia.org/wiki/Wikipedia:L%C3%B6schkandidaten/12._Dezember_2025,
12.Dez.2025,[[Wilfried Stevens]],A4,B6,E1,16,https://de.wikipedia.org/wiki/Wikipedia:L%C3%B6schkandidaten/12._Dezember_2025,
17.Dez.2025,[[Liste von Barockinterpreten]],A0,B2,E3,13,https://de.wikipedia.org/wiki/Wikipedia:L%C3%B6schkandidaten/17._Dezember_2025,
17.Dez.2025,[[Liste von Klassik-Interpreten]],A0,B1,E1,2,https://de.wikipedia.org/wiki/Wikipedia:L%C3%B6schkandidaten/17._Dezember_2025,
17.Dez.2025,[[Simon Dibbern]],A1,B6,E6,3,https://de.wikipedia.org/wiki/Wikipedia:L%C3%B6schkandidaten/17._Dezember_2025,
17.Dez.2025,[[Engineers Without Borders – Karlsruhe Institute of Technology]],A0,B8,E7,3,https://de.wikipedia.org/wiki/Wikipedia:L%C3%B6schkandidaten/17._Dezember_2025,
17.Dez.2025,[[Dieter Hassler]],A1,B1,E1,16,https://de.wikipedia.org/wiki/Wikipedia:L%C3%B6schkandidaten/17._Dezember_2025,
17.Dez.2025,[[Heizungssteuerung]],A6,B8,E5,5,https://de.wikipedia.org/wiki/Wikipedia:L%C3%B6schkandidaten/17._Dezember_2025,
17.Dez.2025,[[Tagung für Praktische Philosophie]],A7,B6,E1,26,https://de.wikipedia.org/wiki/Wikipedia:L%C3%B6schkandidaten/17._Dezember_2025,
17.Dez.2025,[[Lukas Neunteufel]],A0,B1,E6,1,https://de.wikipedia.org/wiki/Wikipedia:L%C3%B6schkandidaten/17._Dezember_2025,
17.Dez.2025,[[Kooperationsverbund Gesundheitliche Chancengleichheit]],A0,B8,E1,1,https://de.wikipedia.org/wiki/Wikipedia:L%C3%B6schkandidaten/17._Dezember_2025,
17.Dez.2025,[[Havarie der MT iba]],A1,B8,E1,78,https://de.wikipedia.org/wiki/Wikipedia:L%C3%B6schkandidaten/17._Dezember_2025,
17.Dez.2025,[[Datenexfiltration]],A0,B8,E6,23,https://de.wikipedia.org/wiki/Wikipedia:L%C3%B6schkandidaten/17._Dezember_2025,
17.Dez.2025,[[Dachverband Gemeindepsychiatrie]],A0,B1,E7,3,https://de.wikipedia.org/wiki/Wikipedia:L%C3%B6schkandidaten/17._Dezember_2025,
17.Dez.2025,[[Hans-Liniger-Preis]],A1,B3,E1,7,https://de.wikipedia.org/wiki/Wikipedia:L%C3%B6schkandidaten/17._Dezember_2025,
17.Dez.2025,[[Impfstatus]],A0,B8,E1,12,https://de.wikipedia.org/wiki/Wikipedia:L%C3%B6schkandidaten/17._Dezember_2025,
17.Dez.2025,[[Landratsamt Fürstenfeldbruck]],A6,B5,E1,9,https://de.wikipedia.org/wiki/Wikipedia:L%C3%B6schkandidaten/17._Dezember_2025,
17.Dez.2025,[[Mitteldeutsche Sportzeitung]],A1,B1,E6,6,https://de.wikipedia.org/wiki/Wikipedia:L%C3%B6schkandidaten/17._Dezember_2025,
17.Dez.2025,[[Sport-Telegramm]],A1,B8,E6,5,https://de.wikipedia.org/wiki/Wikipedia:L%C3%B6schkandidaten/17._Dezember_2025,
17.Dez.2025,[[American Society for Training &#38; Development]],A4,B8,E1,1,https://de.wikipedia.org/wiki/Wikipedia:L%C3%B6schkandidaten/17._Dezember_2025,
17.Dez.2025,[[Flight of the Hippogriff]],A1,B8,E1,2,https://de.wikipedia.org/wiki/Wikipedia:L%C3%B6schkandidaten/17._Dezember_2025,
17.Dez.2025,[[Bárbara Kast]],A1,B8,E1,8,https://de.wikipedia.org/wiki/Wikipedia:L%C3%B6schkandidaten/17._Dezember_2025,
17.Dez.2025,[[Hubert Kaufmann]],A4,B1,E1,6,https://de.wikipedia.org/wiki/Wikipedia:L%C3%B6schkandidaten/17._Dezember_2025,
17.Dez.2025,[[Ladner am Grundlsee]],A8,B8,E7,2,https://de.wikipedia.org/wiki/Wikipedia:L%C3%B6schkandidaten/17._Dezember_2025,
17.Dez.2025,[[G2A.com]],A4,B8,E2,16,https://de.wikipedia.org/wiki/Wikipedia:L%C3%B6schkandidaten/17._Dezember_2025,
17.Dez.2025,"[[Komm, mach MINT]]",A1,B8,E3,7,https://de.wikipedia.org/wiki/Wikipedia:L%C3%B6schkandidaten/17._Dezember_2025,
22.Dez.2025,[[Reinhard Glatte]],A4,B6,E1,18,https://de.wikipedia.org/wiki/Wikipedia:L%C3%B6schkandidaten/22._Dezember_2025,
22.Dez.2025,[[Rolf Moroni]],A1,B1,E2,14,https://de.wikipedia.org/wiki/Wikipedia:L%C3%B6schkandidaten/22._Dezember_2025,
22.Dez.2025,[[Polizeiverband]],A1,B3,E1,6,https://de.wikipedia.org/wiki/Wikipedia:L%C3%B6schkandidaten/22._Dezember_2025,
22.Dez.2025,[[Deutscher Funk-Verband]],A1,B3,E1,10,https://de.wikipedia.org/wiki/Wikipedia:L%C3%B6schkandidaten/22._Dezember_2025,
22.Dez.2025,[[Ernährungsarmut in Deutschland]],A0,B8,E1,15,https://de.wikipedia.org/wiki/Wikipedia:L%C3%B6schkandidaten/22._Dezember_2025,
22.Dez.2025,[[Antelope,A0,B8,E6,1,https://de.wikipedia.org/wiki/Wikipedia:L%C3%B6schkandidaten/22._Dezember_2025,
22.Dez.2025,[[Igor Michailowitsch Tschubarow]],A4,B1,E2,25,https://de.wikipedia.org/wiki/Wikipedia:L%C3%B6schkandidaten/22._Dezember_2025,
22.Dez.2025,[[Nic Rippel]],A1,B1,E1,1,https://de.wikipedia.org/wiki/Wikipedia:L%C3%B6schkandidaten/22._Dezember_2025,
22.Dez.2025,[[World Awards]],A1,B1,E1,5,https://de.wikipedia.org/wiki/Wikipedia:L%C3%B6schkandidaten/22._Dezember_2025,
22.Dez.2025,[[Stephanie Fuchs]],A5,B1,E1,12,https://de.wikipedia.org/wiki/Wikipedia:L%C3%B6schkandidaten/22._Dezember_2025,
22.Dez.2025,[[Palau Marathon]],A0,B1,E4,5,https://de.wikipedia.org/wiki/Wikipedia:L%C3%B6schkandidaten/22._Dezember_2025,
22.Dez.2025,[[Belau Omal Marathon]],A0,B8,E4,2,https://de.wikipedia.org/wiki/Wikipedia:L%C3%B6schkandidaten/22._Dezember_2025,
22.Dez.2025,[[Polyas]],A4,B8,E2,37,https://de.wikipedia.org/wiki/Wikipedia:L%C3%B6schkandidaten/22._Dezember_2025,
22.Dez.2025,[[Sebastian Kommerell]],A4,B1,E1,6,https://de.wikipedia.org/wiki/Wikipedia:L%C3%B6schkandidaten/22._Dezember_2025,
22.Dez.2025,[[JURios]],A1,B8,E2,51,https://de.wikipedia.org/wiki/Wikipedia:L%C3%B6schkandidaten/22._Dezember_2025,
22.Dez.2025,[[Panzer,A7,B8,E1,403,https://de.wikipedia.org/wiki/Wikipedia:L%C3%B6schkandidaten/22._Dezember_2025,
22.Dez.2025,[[Person,A9,B3,E1,8,https://de.wikipedia.org/wiki/Wikipedia:L%C3%B6schkandidaten/22._Dezember_2025,
22.Dez.2025,[[Loungewear]],A9,B8,E1,5,https://de.wikipedia.org/wiki/Wikipedia:L%C3%B6schkandidaten/22._Dezember_2025,
22.Dez.2025,[[Holden VC]],A4,B6,E1,8,https://de.wikipedia.org/wiki/Wikipedia:L%C3%B6schkandidaten/22._Dezember_2025,
22.Dez.2025,[[Si-Modular]],A1,B3,E1,38,https://de.wikipedia.org/wiki/Wikipedia:L%C3%B6schkandidaten/22._Dezember_2025,
27.Dez.2025,[[Igor Raykhelson]],A4,B1,E2,10,https://de.wikipedia.org/wiki/Wikipedia:L%C3%B6schkandidaten/27._Dezember_2025,
27.Dez.2025,[[ZF Lifetec]],A0,B3,E1,4,https://de.wikipedia.org/wiki/Wikipedia:L%C3%B6schkandidaten/27._Dezember_2025,
27.Dez.2025,[[Gestüt CUJZEK]],A0,B1,E1,14,https://de.wikipedia.org/wiki/Wikipedia:L%C3%B6schkandidaten/27._Dezember_2025,
27.Dez.2025,[[Hans Paul,A0,B6,E2,4,https://de.wikipedia.org/wiki/Wikipedia:L%C3%B6schkandidaten/27._Dezember_2025,
27.Dez.2025,[[Luca Casella]],A1,B6,E1,6,https://de.wikipedia.org/wiki/Wikipedia:L%C3%B6schkandidaten/27._Dezember_2025,
27.Dez.2025,[[Afroze-Numa]],A0,B8,E2,15,https://de.wikipedia.org/wiki/Wikipedia:L%C3%B6schkandidaten/27._Dezember_2025,
27.Dez.2025,[[Technologie- und Gründerzentrum Oldenburg]],A4,B8,E1,3,https://de.wikipedia.org/wiki/Wikipedia:L%C3%B6schkandidaten/27._Dezember_2025,
27.Dez.2025,[[Rheinisch-Bergisches TechnologieZentrum]],A9,B1,E1,2,https://de.wikipedia.org/wiki/Wikipedia:L%C3%B6schkandidaten/27._Dezember_2025,
27.Dez.2025,[[Felix Stadtfeld]],A1,B6,E1,6,https://de.wikipedia.org/wiki/Wikipedia:L%C3%B6schkandidaten/27._Dezember_2025,
27.Dez.2025,[[Raphael Gygax]],A0,B1,E2,5,https://de.wikipedia.org/wiki/Wikipedia:L%C3%B6schkandidaten/27._Dezember_2025,
27.Dez.2025,[[Rudolf Paul Schittenhelm]],A4,B8,E1,66,https://de.wikipedia.org/wiki/Wikipedia:L%C3%B6schkandidaten/27._Dezember_2025,
27.Dez.2025,[[Ehrenfried Schäfer]],A1,B1,E2,13,https://de.wikipedia.org/wiki/Wikipedia:L%C3%B6schkandidaten/27._Dezember_2025,
27.Dez.2025,[[Albert Linnecke]],A8,B6,E2,20,https://de.wikipedia.org/wiki/Wikipedia:L%C3%B6schkandidaten/27._Dezember_2025,
27.Dez.2025,[[Gestüt Žabnik]],A0,B8,E1,17,https://de.wikipedia.org/wiki/Wikipedia:L%C3%B6schkandidaten/27._Dezember_2025,
27.Dez.2025,[[Hard Rock,A1,B6,E7,7,https://de.wikipedia.org/wiki/Wikipedia:L%C3%B6schkandidaten/27._Dezember_2025,
27.Dez.2025,[[Jaroslaw Iwanow,A1,B8,E1,1,https://de.wikipedia.org/wiki/Wikipedia:L%C3%B6schkandidaten/27._Dezember_2025,
27.Dez.2025,[[Benno Blum]],A0,B6,E2,7,https://de.wikipedia.org/wiki/Wikipedia:L%C3%B6schkandidaten/27._Dezember_2025,
27.Dez.2025,[[Máximo Carrizo]],A1,B8,E3,4,https://de.wikipedia.org/wiki/Wikipedia:L%C3%B6schkandidaten/27._Dezember_2025,
27.Dez.2025,[[Widad Akrawi]],A0,B1,E1,7,https://de.wikipedia.org/wiki/Wikipedia:L%C3%B6schkandidaten/27._Dezember_2025,
27.Dez.2025,[[Nina Krajnik]],A0,B1,E1,5,https://de.wikipedia.org/wiki/Wikipedia:L%C3%B6schkandidaten/27._Dezember_2025,
27.Dez.2025,[[Nordische Volksmusik]],A4,B1,E1,4,https://de.wikipedia.org/wiki/Wikipedia:L%C3%B6schkandidaten/27._Dezember_2025,
27.Dez.2025,[[Lukas Miebach]],A5,B1,E1,21,https://de.wikipedia.org/wiki/Wikipedia:L%C3%B6schkandidaten/27._Dezember_2025,
27.Dez.2025,[[Dyn Sport Mix]],A7,B8,E1,4,https://de.wikipedia.org/wiki/Wikipedia:L%C3%B6schkandidaten/27._Dezember_2025,
27.Dez.2025,[[Rationale Sicherheitspolitik statt Alarmismus]],A8,B8,E1,3,https://de.wikipedia.org/wiki/Wikipedia:L%C3%B6schkandidaten/27._Dezember_2025,
27.Dez.2025,[[Jannina Schäffer]],A1,B1,E6,2,https://de.wikipedia.org/wiki/Wikipedia:L%C3%B6schkandidaten/27._Dezember_2025,
27.Dez.2025,[[Funktionalismus,A0,B1,E7,20,https://de.wikipedia.org/wiki/Wikipedia:L%C3%B6schkandidaten/27._Dezember_2025,
27.Dez.2025,[[Marina Alene Mbá]],A9,B6,E1,4,https://de.wikipedia.org/wiki/Wikipedia:L%C3%B6schkandidaten/27._Dezember_2025,
27.Dez.2025,[[Anny von Newald-Grasse]],A8,B1,E4,3,https://de.wikipedia.org/wiki/Wikipedia:L%C3%B6schkandidaten/27._Dezember_2025,
27.Dez.2025,[[Kahle Koppe]],A0,B1,E6,11,https://de.wikipedia.org/wiki/Wikipedia:L%C3%B6schkandidaten/27._Dezember_2025,
01.Jan.2026,[[Rolf Märkl]],A4,B1,E2,13,https://de.wikipedia.org/wiki/Wikipedia:L%C3%B6schkandidaten/1._Januar_2026,
01.Jan.2026,[[Nicola Deprez]],A0,B1,E1,3,https://de.wikipedia.org/wiki/Wikipedia:L%C3%B6schkandidaten/1._Januar_2026,
01.Jan.2026,[[ESE Business School an der Universidad de los Andes]],A1,B8,E1,3,https://de.wikipedia.org/wiki/Wikipedia:L%C3%B6schkandidaten/1._Januar_2026,
01.Jan.2026,[[Albros]],A1,B8,E2,8,https://de.wikipedia.org/wiki/Wikipedia:L%C3%B6schkandidaten/1._Januar_2026,
01.Jan.2026,[[Anne Grall]],A9,B1,E1,4,https://de.wikipedia.org/wiki/Wikipedia:L%C3%B6schkandidaten/1._Januar_2026,
01.Jan.2026,[[BH Telecom]],A0,B1,E6,2,https://de.wikipedia.org/wiki/Wikipedia:L%C3%B6schkandidaten/1._Januar_2026,
01.Jan.2026,[[Atnahs]],A1,B8,E1,12,https://de.wikipedia.org/wiki/Wikipedia:L%C3%B6schkandidaten/1._Januar_2026,
01.Jan.2026,[[Franziska Czurratis]],A1,B1,E2,37,https://de.wikipedia.org/wiki/Wikipedia:L%C3%B6schkandidaten/1._Januar_2026,
01.Jan.2026,[[Gerhard Schnock]],A0,B3,E7,29,https://de.wikipedia.org/wiki/Wikipedia:L%C3%B6schkandidaten/1._Januar_2026,
01.Jan.2026,[[Flora und Vegetation Afghanistans]],A0,B8,E1,3,https://de.wikipedia.org/wiki/Wikipedia:L%C3%B6schkandidaten/1._Januar_2026,
01.Jan.2026,[[Gerhard Augstein]],A9,B1,E2,5,https://de.wikipedia.org/wiki/Wikipedia:L%C3%B6schkandidaten/1._Januar_2026,
01.Jan.2026,[[SpongeBob Schwammkopf: Piraten Ahoi!]],A0,B6,E3,7,https://de.wikipedia.org/wiki/Wikipedia:L%C3%B6schkandidaten/1._Januar_2026,
01.Jan.2026,[[Korbfabrik Berthold Lawrenz]],A4,B8,E3,30,https://de.wikipedia.org/wiki/Wikipedia:L%C3%B6schkandidaten/1._Januar_2026,
01.Jan.2026,[[Lenkradheizung]],A0,B6,E2,24,https://de.wikipedia.org/wiki/Wikipedia:L%C3%B6schkandidaten/1._Januar_2026,
01.Jan.2026,[[Heinrich von Berenberg]],A0,B1,E3,9,https://de.wikipedia.org/wiki/Wikipedia:L%C3%B6schkandidaten/1._Januar_2026,
01.Jan.2026,[[Hillary Klug]],A1,B6,E1,2,https://de.wikipedia.org/wiki/Wikipedia:L%C3%B6schkandidaten/1._Januar_2026,
01.Jan.2026,[[Julia Wozek]],A3,B1,E6,4,https://de.wikipedia.org/wiki/Wikipedia:L%C3%B6schkandidaten/1._Januar_2026,
06.Jan.2026,[[Yuditu]],A6,B8,E6,43,https://de.wikipedia.org/wiki/Wikipedia:L%C3%B6schkandidaten/6._Januar_2026,
06.Jan.2026,[[Minimaltransversale]],A0,B8,E1,3,https://de.wikipedia.org/wiki/Wikipedia:L%C3%B6schkandidaten/6._Januar_2026,
06.Jan.2026,[[Drone Days]],A1,B1,E1,12,https://de.wikipedia.org/wiki/Wikipedia:L%C3%B6schkandidaten/6._Januar_2026,
06.Jan.2026,[[SV Westfalia Soest]],A1,B3,E1,6,https://de.wikipedia.org/wiki/Wikipedia:L%C3%B6schkandidaten/6._Januar_2026,
06.Jan.2026,[[1. Basketball Regionalliga Südost 2025/26]],A1,B1,E3,8,https://de.wikipedia.org/wiki/Wikipedia:L%C3%B6schkandidaten/6._Januar_2026,
06.Jan.2026,[[AQUALEX]],A1,B3,E1,8,https://de.wikipedia.org/wiki/Wikipedia:L%C3%B6schkandidaten/6._Januar_2026,
06.Jan.2026,[[Aufenthalts Orte Kaiser Heinrich VI.,A9,B2,E7,46,https://de.wikipedia.org/wiki/Wikipedia:L%C3%B6schkandidaten/6._Januar_2026,
06.Jan.2026,[[GONGO]],A3,B3,E2,20,https://de.wikipedia.org/wiki/Wikipedia:L%C3%B6schkandidaten/6._Januar_2026,
06.Jan.2026,[[Mary in the junkyard]],A1,B6,E1,4,https://de.wikipedia.org/wiki/Wikipedia:L%C3%B6schkandidaten/6._Januar_2026,
06.Jan.2026,[[Japanische Reisgerichte]],A7,B1,E1,6,https://de.wikipedia.org/wiki/Wikipedia:L%C3%B6schkandidaten/6._Januar_2026,
06.Jan.2026,[[Damiano Maiolini]],A1,B6,E1,15,https://de.wikipedia.org/wiki/Wikipedia:L%C3%B6schkandidaten/6._Januar_2026,
11.Jan.2026,[[Bruno Quast,A1,B6,E1,5,https://de.wikipedia.org/wiki/Wikipedia:L%C3%B6schkandidaten/11._Januar_2026,
11.Jan.2026,[[Delker Optik]],A7,B3,E1,6,https://de.wikipedia.org/wiki/Wikipedia:L%C3%B6schkandidaten/11._Januar_2026,
11.Jan.2026,[[Edwin Flach]],A1,B2,E1,7,https://de.wikipedia.org/wiki/Wikipedia:L%C3%B6schkandidaten/11._Januar_2026,
11.Jan.2026,[[Corps Palaiomarchia Halle]],A9,B8,E6,12,https://de.wikipedia.org/wiki/Wikipedia:L%C3%B6schkandidaten/11._Januar_2026,
11.Jan.2026,[[Akademisches Corps Teutonia zu Graz]],A4,B8,E1,16,https://de.wikipedia.org/wiki/Wikipedia:L%C3%B6schkandidaten/11._Januar_2026,
11.Jan.2026,[[Schajyrbü Sagynbajewa]],A1,B6,E1,12,https://de.wikipedia.org/wiki/Wikipedia:L%C3%B6schkandidaten/11._Januar_2026,
11.Jan.2026,[[Swiss Foundation Code]],A0,B6,E2,6,https://de.wikipedia.org/wiki/Wikipedia:L%C3%B6schkandidaten/11._Januar_2026,
11.Jan.2026,[[SSV Ehingen-Süd]],A5,B3,E1,26,https://de.wikipedia.org/wiki/Wikipedia:L%C3%B6schkandidaten/11._Januar_2026,
11.Jan.2026,[[Offensive in Aleppo 2026]],A3,B6,E1,8,https://de.wikipedia.org/wiki/Wikipedia:L%C3%B6schkandidaten/11._Januar_2026,
11.Jan.2026,[[Daniel Buch]],A1,B6,E1,10,https://de.wikipedia.org/wiki/Wikipedia:L%C3%B6schkandidaten/11._Januar_2026,
11.Jan.2026,[[Susanne Etti]],A3,B1,E1,13,https://de.wikipedia.org/wiki/Wikipedia:L%C3%B6schkandidaten/11._Januar_2026,
11.Jan.2026,[[Jan Eric Hauber]],A1,B1,E1,9,https://de.wikipedia.org/wiki/Wikipedia:L%C3%B6schkandidaten/11._Januar_2026,
11.Jan.2026,[[HSG_Langenau/Elchingen]],A0,B6,E6,3,https://de.wikipedia.org/wiki/Wikipedia:L%C3%B6schkandidaten/11._Januar_2026,
11.Jan.2026,[[Sprühende Phantasie]],A7,B6,E2,197,https://de.wikipedia.org/wiki/Wikipedia:L%C3%B6schkandidaten/11._Januar_2026,
11.Jan.2026,[[Josef Offergeld]],A4,B6,E1,10,https://de.wikipedia.org/wiki/Wikipedia:L%C3%B6schkandidaten/11._Januar_2026,
16.Jan.2026,[[Liste tscherkessischer Musiker]],A4,B4,E1,2,https://de.wikipedia.org/wiki/Wikipedia:L%C3%B6schkandidaten/16._Januar_2026,
16.Jan.2026,[[Liste von Persönlichkeiten des US-Bundesstaates Florida]],A7,B8,E1,4,https://de.wikipedia.org/wiki/Wikipedia:L%C3%B6schkandidaten/16._Januar_2026,
16.Jan.2026,[[Paula Rüdiger]],A1,B1,E1,10,https://de.wikipedia.org/wiki/Wikipedia:L%C3%B6schkandidaten/16._Januar_2026,
16.Jan.2026,[[Ausseer Weg]],A4,B1,E1,18,https://de.wikipedia.org/wiki/Wikipedia:L%C3%B6schkandidaten/16._Januar_2026,
16.Jan.2026,[[Mission College Preparatory High School]],A4,B8,E1,15,https://de.wikipedia.org/wiki/Wikipedia:L%C3%B6schkandidaten/16._Januar_2026,
16.Jan.2026,[[Georg Franz August Strecker]],A1,B6,E1,8,https://de.wikipedia.org/wiki/Wikipedia:L%C3%B6schkandidaten/16._Januar_2026,
16.Jan.2026,[[Bananenflanker Budenzauber 2019]],A1,B4,E1,6,https://de.wikipedia.org/wiki/Wikipedia:L%C3%B6schkandidaten/16._Januar_2026,
16.Jan.2026,[[Margot Perl]],A0,B3,E3,12,https://de.wikipedia.org/wiki/Wikipedia:L%C3%B6schkandidaten/16._Januar_2026,
16.Jan.2026,[[Phenomedia publishing]],A4,B8,E1,4,https://de.wikipedia.org/wiki/Wikipedia:L%C3%B6schkandidaten/16._Januar_2026,
16.Jan.2026,[[JohannaRebeccaSenckenberg]],A0,B8,E7,1,https://de.wikipedia.org/wiki/Wikipedia:L%C3%B6schkandidaten/16._Januar_2026,
16.Jan.2026,[[Saki Kubota]],A0,B6,E6,4,https://de.wikipedia.org/wiki/Wikipedia:L%C3%B6schkandidaten/16._Januar_2026,
16.Jan.2026,[[Apple Creator Studio]],A1,B8,E2,16,https://de.wikipedia.org/wiki/Wikipedia:L%C3%B6schkandidaten/16._Januar_2026,
16.Jan.2026,[[SlicerHeart]],A0,B8,E2,14,https://de.wikipedia.org/wiki/Wikipedia:L%C3%B6schkandidaten/16._Januar_2026,
16.Jan.2026,[[DPG-Abiturpreis]],A1,B1,E2,28,https://de.wikipedia.org/wiki/Wikipedia:L%C3%B6schkandidaten/16._Januar_2026,
16.Jan.2026,[[Johannes Riedmann,A1,B1,E1,17,https://de.wikipedia.org/wiki/Wikipedia:L%C3%B6schkandidaten/16._Januar_2026,
16.Jan.2026,[[Schlacht um Krynky]],A4,B8,E6,6,https://de.wikipedia.org/wiki/Wikipedia:L%C3%B6schkandidaten/16._Januar_2026,
16.Jan.2026,[[Bertrand Badré]],A0,B8,E1,2,https://de.wikipedia.org/wiki/Wikipedia:L%C3%B6schkandidaten/16._Januar_2026,
16.Jan.2026,[[COVID-19-Ausbruch im Tönnies-Stammwerk]],A1,B8,E1,15,https://de.wikipedia.org/wiki/Wikipedia:L%C3%B6schkandidaten/16._Januar_2026,
16.Jan.2026,[[Louis Müller,A1,B6,E1,15,https://de.wikipedia.org/wiki/Wikipedia:L%C3%B6schkandidaten/16._Januar_2026,
16.Jan.2026,[[Ursula Virgens]],A4,B1,E1,19,https://de.wikipedia.org/wiki/Wikipedia:L%C3%B6schkandidaten/16._Januar_2026,
16.Jan.2026,[[Saki Kubota]],A0,B6,E2,20,https://de.wikipedia.org/wiki/Wikipedia:L%C3%B6schkandidaten/16._Januar_2026,
16.Jan.2026,[[Oxikit]],A1,B8,E1,21,https://de.wikipedia.org/wiki/Wikipedia:L%C3%B6schkandidaten/16._Januar_2026,
16.Jan.2026,[[Loren Balhorn]],A9,B1,E6,11,https://de.wikipedia.org/wiki/Wikipedia:L%C3%B6schkandidaten/16._Januar_2026,
16.Jan.2026,[[Jacques Jacobi]],A1,B1,E1,32,https://de.wikipedia.org/wiki/Wikipedia:L%C3%B6schkandidaten/16._Januar_2026,
16.Jan.2026,[[Kopfbandpfette]],A0,B1,E6,8,https://de.wikipedia.org/wiki/Wikipedia:L%C3%B6schkandidaten/16._Januar_2026,
16.Jan.2026,[[SKM Köln]],A8,B3,E1,9,https://de.wikipedia.org/wiki/Wikipedia:L%C3%B6schkandidaten/16._Januar_2026,
16.Jan.2026,[[Zirkuläres Bauholz]],A4,B1,E1,19,https://de.wikipedia.org/wiki/Wikipedia:L%C3%B6schkandidaten/16._Januar_2026,
16.Jan.2026,[[Lovehead]],A4,B4,E2,48,https://de.wikipedia.org/wiki/Wikipedia:L%C3%B6schkandidaten/16._Januar_2026,
21.Jan.2026,[[Paul Alber]],A1,B1,E1,5,https://de.wikipedia.org/wiki/Wikipedia:L%C3%B6schkandidaten/21._Januar_2026,
21.Jan.2026,[[Filip Igić]],A9,B6,E1,15,https://de.wikipedia.org/wiki/Wikipedia:L%C3%B6schkandidaten/21._Januar_2026,
21.Jan.2026,[[Greta Hirsch]],A1,B6,E6,7,https://de.wikipedia.org/wiki/Wikipedia:L%C3%B6schkandidaten/21._Januar_2026,
21.Jan.2026,[[Stiftung Sibylle Assmus]],A1,B3,E1,5,https://de.wikipedia.org/wiki/Wikipedia:L%C3%B6schkandidaten/21._Januar_2026,
21.Jan.2026,[[Vostok Europe]],A1,B1,E1,4,https://de.wikipedia.org/wiki/Wikipedia:L%C3%B6schkandidaten/21._Januar_2026,
21.Jan.2026,[[Sataraš]],A1,B8,E6,2,https://de.wikipedia.org/wiki/Wikipedia:L%C3%B6schkandidaten/21._Januar_2026,
21.Jan.2026,[[Globaler Halbleiterspeicherengpass seit 2024]] ; jetzt [[Marktverknappung von Halbleiterspeichern im Zuge des KI-Booms]],A0,B8,E1,24,https://de.wikipedia.org/wiki/Wikipedia:L%C3%B6schkandidaten/21._Januar_2026,
21.Jan.2026,[[Abraham Janson]],A1,B2,E2,7,https://de.wikipedia.org/wiki/Wikipedia:L%C3%B6schkandidaten/21._Januar_2026,
21.Jan.2026,[[Achim Quaas]],A1,B1,E1,4,https://de.wikipedia.org/wiki/Wikipedia:L%C3%B6schkandidaten/21._Januar_2026,
21.Jan.2026,[[Barbara Haupenthal]],A0,B1,E4,3,https://de.wikipedia.org/wiki/Wikipedia:L%C3%B6schkandidaten/21._Januar_2026,
21.Jan.2026,[[Valentin Elias Renner]],A1,B8,E1,10,https://de.wikipedia.org/wiki/Wikipedia:L%C3%B6schkandidaten/21._Januar_2026,
21.Jan.2026,[[Musik- und Kunstverein Gießen]],A1,B3,E1,8,https://de.wikipedia.org/wiki/Wikipedia:L%C3%B6schkandidaten/21._Januar_2026,
21.Jan.2026,[[Tessniem Kadiri]],A1,B6,E6,5,https://de.wikipedia.org/wiki/Wikipedia:L%C3%B6schkandidaten/21._Januar_2026,
21.Jan.2026,[[Kölsch Radio]],A4,B1,E1,12,https://de.wikipedia.org/wiki/Wikipedia:L%C3%B6schkandidaten/21._Januar_2026,
21.Jan.2026,[[Joya Theresa Schneefuß]],A1,B6,E7,3,https://de.wikipedia.org/wiki/Wikipedia:L%C3%B6schkandidaten/21._Januar_2026,
21.Jan.2026,[[Jörn Gerstenberg]],A0,B1,E2,5,https://de.wikipedia.org/wiki/Wikipedia:L%C3%B6schkandidaten/21._Januar_2026,
26.Jan.2026,[[Liste von NSDAP-Mitgliedsnummern,A7,B8,E2,28,https://de.wikipedia.org/wiki/Wikipedia:L%C3%B6schkandidaten/26._Januar_2026,
26.Jan.2026,[[Stiftung :do]],A1,B3,E1,2,https://de.wikipedia.org/wiki/Wikipedia:L%C3%B6schkandidaten/26._Januar_2026,
26.Jan.2026,[[Digitale Hochschule NRW]],A1,B3,E1,12,https://de.wikipedia.org/wiki/Wikipedia:L%C3%B6schkandidaten/26._Januar_2026,
26.Jan.2026,[[Walter Düsedau,A1,B5,E2,18,https://de.wikipedia.org/wiki/Wikipedia:L%C3%B6schkandidaten/26._Januar_2026,
26.Jan.2026,[[Ellen Heese]],A1,B3,E1,168,https://de.wikipedia.org/wiki/Wikipedia:L%C3%B6schkandidaten/26._Januar_2026,
26.Jan.2026,[[Taunus Filmfest Oberursel]],A1,B4,E1,20,https://de.wikipedia.org/wiki/Wikipedia:L%C3%B6schkandidaten/26._Januar_2026,
26.Jan.2026,[[EmelFM2]],A1,B8,E1,3,https://de.wikipedia.org/wiki/Wikipedia:L%C3%B6schkandidaten/26._Januar_2026,
26.Jan.2026,[[Jackwerth Verlag]],A1,B1,E6,4,https://de.wikipedia.org/wiki/Wikipedia:L%C3%B6schkandidaten/26._Januar_2026,
26.Jan.2026,[[Robert-Blum-Straße,A5,B5,E1,10,https://de.wikipedia.org/wiki/Wikipedia:L%C3%B6schkandidaten/26._Januar_2026,
26.Jan.2026,[[Ludwig Eberhardt Franzius]],A8,B8,E1,20,https://de.wikipedia.org/wiki/Wikipedia:L%C3%B6schkandidaten/26._Januar_2026,
26.Jan.2026,[[University of Lorraine]],A6,B6,E1,8,https://de.wikipedia.org/wiki/Wikipedia:L%C3%B6schkandidaten/26._Januar_2026,
26.Jan.2026,[[Barbarossastraße 22,A0,B8,E6,2,https://de.wikipedia.org/wiki/Wikipedia:L%C3%B6schkandidaten/26._Januar_2026,
26.Jan.2026,[[Tanja Schmidbauer]],A8,B6,E2,21,https://de.wikipedia.org/wiki/Wikipedia:L%C3%B6schkandidaten/26._Januar_2026,
26.Jan.2026,[[Julius Runnebaum]],A1,B1,E1,6,https://de.wikipedia.org/wiki/Wikipedia:L%C3%B6schkandidaten/26._Januar_2026,
31.Jan.2026,[[Benutzer:Josef2610/Ilan Stephani]],A0,B7,E6,2,https://de.wikipedia.org/wiki/Wikipedia:L%C3%B6schkandidaten/31._Januar_2026,
31.Jan.2026,[[Julius Auffermann]],A1,B3,E1,11,https://de.wikipedia.org/wiki/Wikipedia:L%C3%B6schkandidaten/31._Januar_2026,
31.Jan.2026,[[Urban Model Builder]],A1,B3,E1,7,https://de.wikipedia.org/wiki/Wikipedia:L%C3%B6schkandidaten/31._Januar_2026,
31.Jan.2026,[[Anne Krahl]],A1,B6,E2,37,https://de.wikipedia.org/wiki/Wikipedia:L%C3%B6schkandidaten/31._Januar_2026,
31.Jan.2026,[[Scholz’ Augenklappe]],A1,B8,E1,18,https://de.wikipedia.org/wiki/Wikipedia:L%C3%B6schkandidaten/31._Januar_2026,
31.Jan.2026,[[Croft X]],A1,B6,E1,5,https://de.wikipedia.org/wiki/Wikipedia:L%C3%B6schkandidaten/31._Januar_2026,
31.Jan.2026,[[Saphira White]],A1,B1,E2,22,https://de.wikipedia.org/wiki/Wikipedia:L%C3%B6schkandidaten/31._Januar_2026,
31.Jan.2026,[[Kai Budde,A7,B8,E2,77,https://de.wikipedia.org/wiki/Wikipedia:L%C3%B6schkandidaten/31._Januar_2026,
31.Jan.2026,[[Werner Hilse]],A1,B1,E1,9,https://de.wikipedia.org/wiki/Wikipedia:L%C3%B6schkandidaten/31._Januar_2026,
31.Jan.2026,[[Suzana Jašić]],A1,B3,E1,3,https://de.wikipedia.org/wiki/Wikipedia:L%C3%B6schkandidaten/31._Januar_2026,
31.Jan.2026,[[Sybille Schmitz,A1,B1,E3,12,https://de.wikipedia.org/wiki/Wikipedia:L%C3%B6schkandidaten/31._Januar_2026,
31.Jan.2026,[[Jane Lauder]],A0,B1,E1,6,https://de.wikipedia.org/wiki/Wikipedia:L%C3%B6schkandidaten/31._Januar_2026,
31.Jan.2026,[[Stephen Pearl Andrews]],A8,B8,E2,22,https://de.wikipedia.org/wiki/Wikipedia:L%C3%B6schkandidaten/31._Januar_2026,
31.Jan.2026,[[Ursula Bienz]],A1,B1,E2,15,https://de.wikipedia.org/wiki/Wikipedia:L%C3%B6schkandidaten/31._Januar_2026,
05.Feb.2026,[[Mutspitze,A0,B8,E2,13,https://de.wikipedia.org/wiki/Wikipedia:L%C3%B6schkandidaten/5._Februar_2026,
05.Feb.2026,[[Eichsfelder Technik eitech]],A5,B8,E1,12,https://de.wikipedia.org/wiki/Wikipedia:L%C3%B6schkandidaten/5._Februar_2026,
05.Feb.2026,[[Warren Muck]],A0,B6,E3,11,https://de.wikipedia.org/wiki/Wikipedia:L%C3%B6schkandidaten/5._Februar_2026,
05.Feb.2026,[[Friedrich Vogel,A1,B8,E2,9,https://de.wikipedia.org/wiki/Wikipedia:L%C3%B6schkandidaten/5._Februar_2026,
05.Feb.2026,[[Alexander Alscher]],A1,B1,E1,17,https://de.wikipedia.org/wiki/Wikipedia:L%C3%B6schkandidaten/5._Februar_2026,
05.Feb.2026,[[Karl Heinz Neser]],A1,B8,E2,4,https://de.wikipedia.org/wiki/Wikipedia:L%C3%B6schkandidaten/5._Februar_2026,
05.Feb.2026,[[Karl Müller,A5,B6,E3,12,https://de.wikipedia.org/wiki/Wikipedia:L%C3%B6schkandidaten/5._Februar_2026,
05.Feb.2026,[[MWB Wertpapierhandelsbank]],A4,B1,E1,5,https://de.wikipedia.org/wiki/Wikipedia:L%C3%B6schkandidaten/5._Februar_2026,
05.Feb.2026,[[Berliner Ruder-Club Ägir]],A4,B3,E1,8,https://de.wikipedia.org/wiki/Wikipedia:L%C3%B6schkandidaten/5._Februar_2026,
10.Feb.2026,[[Benutzer:OldSteamTrain/Gleisanlage]],A0,B7,E7,1,https://de.wikipedia.org/wiki/Wikipedia:L%C3%B6schkandidaten/10._Februar_2026,
10.Feb.2026,[[Liste der größten Unternehmen in Rumänien]],A0,B8,E1,3,https://de.wikipedia.org/wiki/Wikipedia:L%C3%B6schkandidaten/10._Februar_2026,
10.Feb.2026,[[Josef Eckel]],A1,B1,E1,10,https://de.wikipedia.org/wiki/Wikipedia:L%C3%B6schkandidaten/10._Februar_2026,
10.Feb.2026,[[Neue Lausitz]],A0,B1,E1,2,https://de.wikipedia.org/wiki/Wikipedia:L%C3%B6schkandidaten/10._Februar_2026,
10.Feb.2026,[[Karlsruher Mathe Club]],A1,B8,E1,13,https://de.wikipedia.org/wiki/Wikipedia:L%C3%B6schkandidaten/10._Februar_2026,
10.Feb.2026,[[Envoria]],A1,B3,E1,26,https://de.wikipedia.org/wiki/Wikipedia:L%C3%B6schkandidaten/10._Februar_2026,
10.Feb.2026,[[Martin Köppel]],A1,B6,E1,15,https://de.wikipedia.org/wiki/Wikipedia:L%C3%B6schkandidaten/10._Februar_2026,
10.Feb.2026,[[Mittelberg,A9,B5,E2,11,https://de.wikipedia.org/wiki/Wikipedia:L%C3%B6schkandidaten/10._Februar_2026,
10.Feb.2026,[[Świerczyna,A9,B5,E2,11,https://de.wikipedia.org/wiki/Wikipedia:L%C3%B6schkandidaten/10._Februar_2026,
10.Feb.2026,[[Bernhard Stecher]],A1,B3,E1,29,https://de.wikipedia.org/wiki/Wikipedia:L%C3%B6schkandidaten/10._Februar_2026,
10.Feb.2026,[[Campeonato Nacional da Divisão de Honra 2026]],A1,B8,E1,46,https://de.wikipedia.org/wiki/Wikipedia:L%C3%B6schkandidaten/10._Februar_2026,
10.Feb.2026,[[Campeonato Nacional da Divisão de Honra 2025]],A0,B8,E1,1,https://de.wikipedia.org/wiki/Wikipedia:L%C3%B6schkandidaten/10._Februar_2026,
10.Feb.2026,[[Campeonato Nacional da Divisão de Honra 2024]],A0,B8,E1,2,https://de.wikipedia.org/wiki/Wikipedia:L%C3%B6schkandidaten/10._Februar_2026,
10.Feb.2026,[[Campeonato Nacional da Divisão de Honra 2023]],A0,B8,E1,4,https://de.wikipedia.org/wiki/Wikipedia:L%C3%B6schkandidaten/10._Februar_2026,
10.Feb.2026,[[Einstein-Gymnasium Neuenhagen]],A1,B1,E6,11,https://de.wikipedia.org/wiki/Wikipedia:L%C3%B6schkandidaten/10._Februar_2026,
10.Feb.2026,[[Junger ADFC]],A1,B3,E5,14,https://de.wikipedia.org/wiki/Wikipedia:L%C3%B6schkandidaten/10._Februar_2026,
10.Feb.2026,[[Handlungskompetenzbereich]],A0,B8,E6,1,https://de.wikipedia.org/wiki/Wikipedia:L%C3%B6schkandidaten/10._Februar_2026,
10.Feb.2026,[[Sarah Maria Sander]],A1,B1,E2,12,https://de.wikipedia.org/wiki/Wikipedia:L%C3%B6schkandidaten/10._Februar_2026,
10.Feb.2026,[[ChemicalBook]],A1,B8,E1,2,https://de.wikipedia.org/wiki/Wikipedia:L%C3%B6schkandidaten/10._Februar_2026,
10.Feb.2026,[[TURN BLUE.]],A1,B1,E1,11,https://de.wikipedia.org/wiki/Wikipedia:L%C3%B6schkandidaten/10._Februar_2026,
10.Feb.2026,[[Suat Günsel]],A1,B1,E1,4,https://de.wikipedia.org/wiki/Wikipedia:L%C3%B6schkandidaten/10._Februar_2026,
10.Feb.2026,[[Blake Garrett]],A0,B6,E2,16,https://de.wikipedia.org/wiki/Wikipedia:L%C3%B6schkandidaten/10._Februar_2026,
10.Feb.2026,[[Familie Báthory,A4,B8,E7,17,https://de.wikipedia.org/wiki/Wikipedia:L%C3%B6schkandidaten/10._Februar_2026,
10.Feb.2026,[[Generalauditor]],A0,B8,E6,27,https://de.wikipedia.org/wiki/Wikipedia:L%C3%B6schkandidaten/10._Februar_2026,
15.Feb.2026,"[[Liste der ukrainischen Sportler, die im russischen Angriffskrieg getötet wurden]]",A1,B1,E1,18,https://de.wikipedia.org/wiki/Wikipedia:L%C3%B6schkandidaten/15._Februar_2026,
15.Feb.2026,[[Da Luis]],A1,B6,E2,8,https://de.wikipedia.org/wiki/Wikipedia:L%C3%B6schkandidaten/15._Februar_2026,
15.Feb.2026,[[SG Harburg]],A1,B3,E1,1,https://de.wikipedia.org/wiki/Wikipedia:L%C3%B6schkandidaten/15._Februar_2026,
15.Feb.2026,[[Wilhelm-Sattler-Realschule]],A1,B8,E3,4,https://de.wikipedia.org/wiki/Wikipedia:L%C3%B6schkandidaten/15._Februar_2026,
15.Feb.2026,[[Khing Hnin Wai]],A1,B8,E1,3,https://de.wikipedia.org/wiki/Wikipedia:L%C3%B6schkandidaten/15._Februar_2026,
15.Feb.2026,[[Sebastian Zebe]],A5,B6,E3,25,https://de.wikipedia.org/wiki/Wikipedia:L%C3%B6schkandidaten/15._Februar_2026,
15.Feb.2026,[[IspCP]],A1,B8,E1,3,https://de.wikipedia.org/wiki/Wikipedia:L%C3%B6schkandidaten/15._Februar_2026,
15.Feb.2026,[[Kommunistischer Aufbau]],A1,B3,E2,29,https://de.wikipedia.org/wiki/Wikipedia:L%C3%B6schkandidaten/15._Februar_2026,
15.Feb.2026,[[Timon Peter]],A0,B1,E1,18,https://de.wikipedia.org/wiki/Wikipedia:L%C3%B6schkandidaten/15._Februar_2026,
15.Feb.2026,[[IOD Award]],A1,B4,E1,11,https://de.wikipedia.org/wiki/Wikipedia:L%C3%B6schkandidaten/15._Februar_2026,
15.Feb.2026,[[Memo,A1,B3,E1,10,https://de.wikipedia.org/wiki/Wikipedia:L%C3%B6schkandidaten/15._Februar_2026,
15.Feb.2026,[[Schwimmbad Žirmūnai]],A0,B1,E2,4,https://de.wikipedia.org/wiki/Wikipedia:L%C3%B6schkandidaten/15._Februar_2026,
15.Feb.2026,[[Bangenis]],A0,B8,E2,4,https://de.wikipedia.org/wiki/Wikipedia:L%C3%B6schkandidaten/15._Februar_2026,
15.Feb.2026,[[Gefängnis Kaunas]],A1,B1,E6,10,https://de.wikipedia.org/wiki/Wikipedia:L%C3%B6schkandidaten/15._Februar_2026,
15.Feb.2026,Diskussion zu allen oben angeführten Bataillonen,A1,B8,E6,80,https://de.wikipedia.org/wiki/Wikipedia:L%C3%B6schkandidaten/15._Februar_2026,
15.Feb.2026,[[Heinrich Pfannkuch]],A1,B1,E2,13,https://de.wikipedia.org/wiki/Wikipedia:L%C3%B6schkandidaten/15._Februar_2026,
20.Feb.2026,[[Liste der Generale und Admirale der Bundeswehr]],A0,B8,E6,18,https://de.wikipedia.org/wiki/Wikipedia:L%C3%B6schkandidaten/20._Februar_2026,
20.Feb.2026,[[Rackis för Barn]],A4,B8,E1,7,https://de.wikipedia.org/wiki/Wikipedia:L%C3%B6schkandidaten/20._Februar_2026,
20.Feb.2026,[[Alican Uludağ]],A0,B4,E3,11,https://de.wikipedia.org/wiki/Wikipedia:L%C3%B6schkandidaten/20._Februar_2026,
20.Feb.2026,[[Dan K. Sigurd]],A1,B1,E3,8,https://de.wikipedia.org/wiki/Wikipedia:L%C3%B6schkandidaten/20._Februar_2026,
20.Feb.2026,[[Historische Triftigkeit]],A1,B6,E2,4,https://de.wikipedia.org/wiki/Wikipedia:L%C3%B6schkandidaten/20._Februar_2026,
20.Feb.2026,[[Historische Basisnarrative]],A0,B1,E1,6,https://de.wikipedia.org/wiki/Wikipedia:L%C3%B6schkandidaten/20._Februar_2026,
20.Feb.2026,[[Fia Neises]],A1,B1,E2,8,https://de.wikipedia.org/wiki/Wikipedia:L%C3%B6schkandidaten/20._Februar_2026,
20.Feb.2026,[[Johann Ulrich Bissinger]],A1,B1,E6,6,https://de.wikipedia.org/wiki/Wikipedia:L%C3%B6schkandidaten/20._Februar_2026,
20.Feb.2026,[[Albert Teufel]],A5,B1,E1,70,https://de.wikipedia.org/wiki/Wikipedia:L%C3%B6schkandidaten/20._Februar_2026,
20.Feb.2026,[[Thomas Thiel]],A1,B1,E1,18,https://de.wikipedia.org/wiki/Wikipedia:L%C3%B6schkandidaten/20._Februar_2026,
20.Feb.2026,[[Sterkobilinogen]],A4,B8,E6,13,https://de.wikipedia.org/wiki/Wikipedia:L%C3%B6schkandidaten/20._Februar_2026,
25.Feb.2026,[[Lorentzen &#38; Sievers]],A7,B8,E1,9,https://de.wikipedia.org/wiki/Wikipedia:L%C3%B6schkandidaten/25._Februar_2026,
25.Feb.2026,[[Race Academy]],A1,B6,E7,2,https://de.wikipedia.org/wiki/Wikipedia:L%C3%B6schkandidaten/25._Februar_2026,
25.Feb.2026,[[Milan Red]],A7,B1,E6,98,https://de.wikipedia.org/wiki/Wikipedia:L%C3%B6schkandidaten/25._Februar_2026,
25.Feb.2026,[[Emil Peters,A1,B1,E2,23,https://de.wikipedia.org/wiki/Wikipedia:L%C3%B6schkandidaten/25._Februar_2026,
25.Feb.2026,[[Teichgasse 12/12a,A4,B8,E1,7,https://de.wikipedia.org/wiki/Wikipedia:L%C3%B6schkandidaten/25._Februar_2026,
25.Feb.2026,[[Harold Ian Miltner]],A4,B1,E1,8,https://de.wikipedia.org/wiki/Wikipedia:L%C3%B6schkandidaten/25._Februar_2026,
25.Feb.2026,[[Hans Cramer,A1,B8,E1,6,https://de.wikipedia.org/wiki/Wikipedia:L%C3%B6schkandidaten/25._Februar_2026,
25.Feb.2026,[[Svenja Theißen]],A1,B1,E1,7,https://de.wikipedia.org/wiki/Wikipedia:L%C3%B6schkandidaten/25._Februar_2026,
25.Feb.2026,[[Julia Schaller]],A1,B6,E1,6,https://de.wikipedia.org/wiki/Wikipedia:L%C3%B6schkandidaten/25._Februar_2026,
25.Feb.2026,[[Leberkas]],A0,B6,E3,22,https://de.wikipedia.org/wiki/Wikipedia:L%C3%B6schkandidaten/25._Februar_2026,
25.Feb.2026,[[Teichgasse 16,A4,B8,E1,5,https://de.wikipedia.org/wiki/Wikipedia:L%C3%B6schkandidaten/25._Februar_2026,
25.Feb.2026,[[Sovereign Tech Agency]],A1,B4,E6,54,https://de.wikipedia.org/wiki/Wikipedia:L%C3%B6schkandidaten/25._Februar_2026,
25.Feb.2026,[[Al and his Pals]],A1,B8,E1,2,https://de.wikipedia.org/wiki/Wikipedia:L%C3%B6schkandidaten/25._Februar_2026,
25.Feb.2026,[[Bayerisches Stockraufen]],A4,B1,E1,10,https://de.wikipedia.org/wiki/Wikipedia:L%C3%B6schkandidaten/25._Februar_2026,
02.Mär.2026,[[America’s Finest]],A4,B6,E6,14,https://de.wikipedia.org/wiki/Wikipedia:L%C3%B6schkandidaten/2._M%C3%A4rz_2026,
02.Mär.2026,[[Marie Vaerting]],A0,B1,E3,2,https://de.wikipedia.org/wiki/Wikipedia:L%C3%B6schkandidaten/2._M%C3%A4rz_2026,
02.Mär.2026,[[Hans Enderli,A0,B8,E2,10,https://de.wikipedia.org/wiki/Wikipedia:L%C3%B6schkandidaten/2._M%C3%A4rz_2026,
02.Mär.2026,[[Spanish Caravan]],A4,B6,E2,23,https://de.wikipedia.org/wiki/Wikipedia:L%C3%B6schkandidaten/2._M%C3%A4rz_2026,
02.Mär.2026,[[Simon kühn komponist]],A9,B8,E7,1,https://de.wikipedia.org/wiki/Wikipedia:L%C3%B6schkandidaten/2._M%C3%A4rz_2026,
02.Mär.2026,[[Widerrufsliste]],A4,B8,E1,1,https://de.wikipedia.org/wiki/Wikipedia:L%C3%B6schkandidaten/2._M%C3%A4rz_2026,
02.Mär.2026,[[Nikolaus Harnoncourt Zentrum]],A4,B3,E5,57,https://de.wikipedia.org/wiki/Wikipedia:L%C3%B6schkandidaten/2._M%C3%A4rz_2026,
02.Mär.2026,[[Manuela Mock]],A1,B6,E2,20,https://de.wikipedia.org/wiki/Wikipedia:L%C3%B6schkandidaten/2._M%C3%A4rz_2026,
02.Mär.2026,[[Markus Bach]],A1,B1,E1,13,https://de.wikipedia.org/wiki/Wikipedia:L%C3%B6schkandidaten/2._M%C3%A4rz_2026,
02.Mär.2026,[[Robert Walcher]],A4,B1,E3,2,https://de.wikipedia.org/wiki/Wikipedia:L%C3%B6schkandidaten/2._M%C3%A4rz_2026,
02.Mär.2026,[[The Drift – Gnadenlose Arktis]],A4,B6,E2,21,https://de.wikipedia.org/wiki/Wikipedia:L%C3%B6schkandidaten/2._M%C3%A4rz_2026,
07.Mär.2026,[[Berufskraftfahrerqualifikationsregister]],A0,B8,E6,8,https://de.wikipedia.org/wiki/Wikipedia:L%C3%B6schkandidaten/7._M%C3%A4rz_2026,
07.Mär.2026,[[Ethos,A1,B8,E1,8,https://de.wikipedia.org/wiki/Wikipedia:L%C3%B6schkandidaten/7._M%C3%A4rz_2026,
07.Mär.2026,[[Pauline Ngarmpring]],A1,B3,E2,31,https://de.wikipedia.org/wiki/Wikipedia:L%C3%B6schkandidaten/7._M%C3%A4rz_2026,
07.Mär.2026,[[Dieter Hoefer]],A4,B6,E1,11,https://de.wikipedia.org/wiki/Wikipedia:L%C3%B6schkandidaten/7._M%C3%A4rz_2026,
07.Mär.2026,[[Janine Strehlau]],A4,B1,E1,19,https://de.wikipedia.org/wiki/Wikipedia:L%C3%B6schkandidaten/7._M%C3%A4rz_2026,
07.Mär.2026,[[Julia Garschagen]],A1,B6,E1,18,https://de.wikipedia.org/wiki/Wikipedia:L%C3%B6schkandidaten/7._M%C3%A4rz_2026,
07.Mär.2026,[[Jule Nagel,A0,B6,E2,5,https://de.wikipedia.org/wiki/Wikipedia:L%C3%B6schkandidaten/7._M%C3%A4rz_2026,
07.Mär.2026,[[Kaiser-Wilhelm-Institut für Faserstoffchemie]],A0,B3,E3,7,https://de.wikipedia.org/wiki/Wikipedia:L%C3%B6schkandidaten/7._M%C3%A4rz_2026,
07.Mär.2026,[[Jumanji: Level One]],A0,B8,E7,3,https://de.wikipedia.org/wiki/Wikipedia:L%C3%B6schkandidaten/7._M%C3%A4rz_2026,
07.Mär.2026,[[Holtenau-Ost]],A5,B5,E7,10,https://de.wikipedia.org/wiki/Wikipedia:L%C3%B6schkandidaten/7._M%C3%A4rz_2026,
07.Mär.2026,[[Easypark]],A1,B8,E1,27,https://de.wikipedia.org/wiki/Wikipedia:L%C3%B6schkandidaten/7._M%C3%A4rz_2026,
12.Mär.2026,[[Noah Leidinger]],A1,B6,E1,19,https://de.wikipedia.org/wiki/Wikipedia:L%C3%B6schkandidaten/12._M%C3%A4rz_2026,
12.Mär.2026,[[Sven Schömer]],A1,B1,E1,21,https://de.wikipedia.org/wiki/Wikipedia:L%C3%B6schkandidaten/12._M%C3%A4rz_2026,
12.Mär.2026,[[Montgomery W. Taylor]],A0,B8,E6,3,https://de.wikipedia.org/wiki/Wikipedia:L%C3%B6schkandidaten/12._M%C3%A4rz_2026,
12.Mär.2026,[[Timothy Decker]],A0,B1,E1,9,https://de.wikipedia.org/wiki/Wikipedia:L%C3%B6schkandidaten/12._M%C3%A4rz_2026,
12.Mär.2026,[[Coatzintli Alcocer Wagner]],A4,B6,E1,8,https://de.wikipedia.org/wiki/Wikipedia:L%C3%B6schkandidaten/12._M%C3%A4rz_2026,
12.Mär.2026,[[Ralph Grieser]],A1,B1,E1,13,https://de.wikipedia.org/wiki/Wikipedia:L%C3%B6schkandidaten/12._M%C3%A4rz_2026,
12.Mär.2026,[[Trioptics]],A1,B8,E1,5,https://de.wikipedia.org/wiki/Wikipedia:L%C3%B6schkandidaten/12._M%C3%A4rz_2026,
12.Mär.2026,[[Rlangs kyi po ti bse ru rgyas pa]],A1,B8,E2,25,https://de.wikipedia.org/wiki/Wikipedia:L%C3%B6schkandidaten/12._M%C3%A4rz_2026,
12.Mär.2026,[[Hermann Gottlob Plaß]],A0,B6,E3,27,https://de.wikipedia.org/wiki/Wikipedia:L%C3%B6schkandidaten/12._M%C3%A4rz_2026,
12.Mär.2026,[[Düngemittelwerk Rostock]],A1,B1,E2,14,https://de.wikipedia.org/wiki/Wikipedia:L%C3%B6schkandidaten/12._M%C3%A4rz_2026,
12.Mär.2026,[[Sinazo Nqeketo]],A1,B1,E1,1,https://de.wikipedia.org/wiki/Wikipedia:L%C3%B6schkandidaten/12._M%C3%A4rz_2026,
12.Mär.2026,[[Truphena Muthoni]],A0,B1,E2,7,https://de.wikipedia.org/wiki/Wikipedia:L%C3%B6schkandidaten/12._M%C3%A4rz_2026,
12.Mär.2026,[[Hans Popst]],A1,B2,E2,13,https://de.wikipedia.org/wiki/Wikipedia:L%C3%B6schkandidaten/12._M%C3%A4rz_2026,
12.Mär.2026,[[Felix Bembé]],A6,B8,E1,11,https://de.wikipedia.org/wiki/Wikipedia:L%C3%B6schkandidaten/12._M%C3%A4rz_2026,
12.Mär.2026,[[Konstantin Sakkas]],A1,B1,E1,37,https://de.wikipedia.org/wiki/Wikipedia:L%C3%B6schkandidaten/12._M%C3%A4rz_2026,
12.Mär.2026,[[Inuru]],A1,B8,E1,2,https://de.wikipedia.org/wiki/Wikipedia:L%C3%B6schkandidaten/12._M%C3%A4rz_2026,
12.Mär.2026,[[Oliver Martini]],A5,B1,E1,14,https://de.wikipedia.org/wiki/Wikipedia:L%C3%B6schkandidaten/12._M%C3%A4rz_2026,
17.Mär.2026,[[Wikipedia:Meinungsbilder/Relevanz geographischer Objekte]],A0,B7,E6,18,https://de.wikipedia.org/wiki/Wikipedia:L%C3%B6schkandidaten/17._M%C3%A4rz_2026,
17.Mär.2026,[[Eric Foster]],A8,B6,E2,21,https://de.wikipedia.org/wiki/Wikipedia:L%C3%B6schkandidaten/17._M%C3%A4rz_2026,
17.Mär.2026,[[Spread Betting]],A0,B1,E5,5,https://de.wikipedia.org/wiki/Wikipedia:L%C3%B6schkandidaten/17._M%C3%A4rz_2026,
17.Mär.2026,[[RACER Benchmark Group]],A4,B8,E7,1,https://de.wikipedia.org/wiki/Wikipedia:L%C3%B6schkandidaten/17._M%C3%A4rz_2026,
17.Mär.2026,[[Thomas Luzar]],A1,B1,E1,4,https://de.wikipedia.org/wiki/Wikipedia:L%C3%B6schkandidaten/17._M%C3%A4rz_2026,
17.Mär.2026,[[Peter Riedl,A5,B1,E3,15,https://de.wikipedia.org/wiki/Wikipedia:L%C3%B6schkandidaten/17._M%C3%A4rz_2026,
17.Mär.2026,[[Katharina Rupf]],A4,B1,E1,8,https://de.wikipedia.org/wiki/Wikipedia:L%C3%B6schkandidaten/17._M%C3%A4rz_2026,
17.Mär.2026,[[Rüdiger Schloz]],A1,B1,E1,9,https://de.wikipedia.org/wiki/Wikipedia:L%C3%B6schkandidaten/17._M%C3%A4rz_2026,
17.Mär.2026,[[Claudio Insegno]],A4,B1,E3,6,https://de.wikipedia.org/wiki/Wikipedia:L%C3%B6schkandidaten/17._M%C3%A4rz_2026,
17.Mär.2026,[[Campus Cat]],A0,B6,E6,6,https://de.wikipedia.org/wiki/Wikipedia:L%C3%B6schkandidaten/17._M%C3%A4rz_2026,
17.Mär.2026,[[Hans Timmermann,A1,B1,E6,3,https://de.wikipedia.org/wiki/Wikipedia:L%C3%B6schkandidaten/17._M%C3%A4rz_2026,
17.Mär.2026,[[Charles von Luttichau]],A4,B1,E2,11,https://de.wikipedia.org/wiki/Wikipedia:L%C3%B6schkandidaten/17._M%C3%A4rz_2026,
17.Mär.2026,[[Carsten Keller,A1,B1,E1,3,https://de.wikipedia.org/wiki/Wikipedia:L%C3%B6schkandidaten/17._M%C3%A4rz_2026,
17.Mär.2026,[[Nicolas Rimoldi]],A1,B1,E2,17,https://de.wikipedia.org/wiki/Wikipedia:L%C3%B6schkandidaten/17._M%C3%A4rz_2026,
17.Mär.2026,[[George Prokopiou]],A7,B1,E6,8,https://de.wikipedia.org/wiki/Wikipedia:L%C3%B6schkandidaten/17._M%C3%A4rz_2026,
17.Mär.2026,[[Rp½]],A0,B8,E1,4,https://de.wikipedia.org/wiki/Wikipedia:L%C3%B6schkandidaten/17._M%C3%A4rz_2026,
22.Mär.2026,[[Liste von Konjunktionen im Deutschen]],A0,B8,E1,7,https://de.wikipedia.org/wiki/Wikipedia:L%C3%B6schkandidaten/22._M%C3%A4rz_2026,
22.Mär.2026,[[Henk Gennissen]],A1,B1,E6,3,https://de.wikipedia.org/wiki/Wikipedia:L%C3%B6schkandidaten/22._M%C3%A4rz_2026,
22.Mär.2026,[[K.Ö.H.V. Mercuria]],A9,B3,E6,1,https://de.wikipedia.org/wiki/Wikipedia:L%C3%B6schkandidaten/22._M%C3%A4rz_2026,
22.Mär.2026,[[Alliance Möbel Marketing]],A4,B8,E1,4,https://de.wikipedia.org/wiki/Wikipedia:L%C3%B6schkandidaten/22._M%C3%A4rz_2026,
22.Mär.2026,[[Erste rumänische Transafrika-Expedition]],A0,B8,E1,5,https://de.wikipedia.org/wiki/Wikipedia:L%C3%B6schkandidaten/22._M%C3%A4rz_2026,
22.Mär.2026,[[Battle for Dream Island]],A1,B6,E2,12,https://de.wikipedia.org/wiki/Wikipedia:L%C3%B6schkandidaten/22._M%C3%A4rz_2026,
22.Mär.2026,[[Siegrheinische Registrierwaagenfabrik „FIX“ Peter Steimel]],A4,B8,E2,34,https://de.wikipedia.org/wiki/Wikipedia:L%C3%B6schkandidaten/22._M%C3%A4rz_2026,
22.Mär.2026,[[Jutta Brandl]],A0,B6,E7,5,https://de.wikipedia.org/wiki/Wikipedia:L%C3%B6schkandidaten/22._M%C3%A4rz_2026,
22.Mär.2026,[[Elisabeth Liebl]],A1,B2,E3,6,https://de.wikipedia.org/wiki/Wikipedia:L%C3%B6schkandidaten/22._M%C3%A4rz_2026,
22.Mär.2026,[[Christian Oberfuchshuber]],A0,B1,E2,20,https://de.wikipedia.org/wiki/Wikipedia:L%C3%B6schkandidaten/22._M%C3%A4rz_2026,
22.Mär.2026,[[Alexander Barker]],A0,B1,E6,1,https://de.wikipedia.org/wiki/Wikipedia:L%C3%B6schkandidaten/22._M%C3%A4rz_2026,
22.Mär.2026,[[Meikirch-Modell]],A0,B8,E2,6,https://de.wikipedia.org/wiki/Wikipedia:L%C3%B6schkandidaten/22._M%C3%A4rz_2026,
22.Mär.2026,[[Dewender-Stiftung]],A1,B3,E1,33,https://de.wikipedia.org/wiki/Wikipedia:L%C3%B6schkandidaten/22._M%C3%A4rz_2026,
22.Mär.2026,[[Edwin Scheid]],A1,B1,E1,4,https://de.wikipedia.org/wiki/Wikipedia:L%C3%B6schkandidaten/22._M%C3%A4rz_2026,
22.Mär.2026,[[Steve Bovay]],A0,B1,E1,1,https://de.wikipedia.org/wiki/Wikipedia:L%C3%B6schkandidaten/22._M%C3%A4rz_2026,
27.Mär.2026,[[Vorlage:Navigationsleiste WNBA Sixth Woman of the Year Award]],A6,B7,E1,1,https://de.wikipedia.org/wiki/Wikipedia:L%C3%B6schkandidaten/27._M%C3%A4rz_2026,
27.Mär.2026,[[Vera Çelik]],A1,B1,E1,26,https://de.wikipedia.org/wiki/Wikipedia:L%C3%B6schkandidaten/27._M%C3%A4rz_2026,
27.Mär.2026,[[Hans Meyer,A0,B8,E3,9,https://de.wikipedia.org/wiki/Wikipedia:L%C3%B6schkandidaten/27._M%C3%A4rz_2026,
27.Mär.2026,[[Bougainville Copper]],A6,B3,E2,7,https://de.wikipedia.org/wiki/Wikipedia:L%C3%B6schkandidaten/27._M%C3%A4rz_2026,
27.Mär.2026,[[Street To The Ocean]],A0,B6,E7,2,https://de.wikipedia.org/wiki/Wikipedia:L%C3%B6schkandidaten/27._M%C3%A4rz_2026,
27.Mär.2026,[[Herbert Trummler]],A1,B1,E6,26,https://de.wikipedia.org/wiki/Wikipedia:L%C3%B6schkandidaten/27._M%C3%A4rz_2026,
27.Mär.2026,[[Björn Martins]],A1,B6,E6,1,https://de.wikipedia.org/wiki/Wikipedia:L%C3%B6schkandidaten/27._M%C3%A4rz_2026,
01.Apr.2026,[[Wikipedia:Humorarchiv/Bürgenprogramm]],A0,B7,E2,63,https://de.wikipedia.org/wiki/Wikipedia:L%C3%B6schkandidaten/1._April_2026,
01.Apr.2026,[[Oliver Schmidt,A1,B1,E3,11,https://de.wikipedia.org/wiki/Wikipedia:L%C3%B6schkandidaten/1._April_2026,
01.Apr.2026,[[Eduard Brückner,A1,B8,E2,19,https://de.wikipedia.org/wiki/Wikipedia:L%C3%B6schkandidaten/1._April_2026,
01.Apr.2026,[[DQ Solutions]],A4,B3,E2,6,https://de.wikipedia.org/wiki/Wikipedia:L%C3%B6schkandidaten/1._April_2026,
01.Apr.2026,[[Microshift]],A4,B3,E1,11,https://de.wikipedia.org/wiki/Wikipedia:L%C3%B6schkandidaten/1._April_2026,
01.Apr.2026,[[Sleazey Catz]],A4,B6,E1,5,https://de.wikipedia.org/wiki/Wikipedia:L%C3%B6schkandidaten/1._April_2026,
01.Apr.2026,[[Toni Gohl]],A1,B6,E1,13,https://de.wikipedia.org/wiki/Wikipedia:L%C3%B6schkandidaten/1._April_2026,
01.Apr.2026,[[GD Cruz Vermelha]],A1,B8,E2,5,https://de.wikipedia.org/wiki/Wikipedia:L%C3%B6schkandidaten/1._April_2026,
01.Apr.2026,[[Rock That Swing Festival]],A1,B4,E7,5,https://de.wikipedia.org/wiki/Wikipedia:L%C3%B6schkandidaten/1._April_2026,
01.Apr.2026,[[Eike Holtzhauer]],A5,B3,E2,12,https://de.wikipedia.org/wiki/Wikipedia:L%C3%B6schkandidaten/1._April_2026,
01.Apr.2026,[[Artemis Vakianis]],A1,B4,E2,38,https://de.wikipedia.org/wiki/Wikipedia:L%C3%B6schkandidaten/1._April_2026,
01.Apr.2026,[[Florian Bogenschütz]],A3,B4,E1,7,https://de.wikipedia.org/wiki/Wikipedia:L%C3%B6schkandidaten/1._April_2026,
01.Apr.2026,[[Radio Soorsi]],A1,B1,E7,7,https://de.wikipedia.org/wiki/Wikipedia:L%C3%B6schkandidaten/1._April_2026,
01.Apr.2026,[[Schule am Wasserfall]],A9,B8,E1,12,https://de.wikipedia.org/wiki/Wikipedia:L%C3%B6schkandidaten/1._April_2026,
01.Apr.2026,[[Werner Hinneberg]],A1,B1,E1,5,https://de.wikipedia.org/wiki/Wikipedia:L%C3%B6schkandidaten/1._April_2026,
01.Apr.2026,[[Dietrich Brockhagen]],A0,B1,E2,4,https://de.wikipedia.org/wiki/Wikipedia:L%C3%B6schkandidaten/1._April_2026,
06.Apr.2026,[[Terre Haute,A7,B8,E6,14,https://de.wikipedia.org/wiki/Wikipedia:L%C3%B6schkandidaten/6._April_2026,
06.Apr.2026,[[Katholische Österreichische Studentenverbindung Sonnberg Perchtoldsdorf]],A1,B1,E1,21,https://de.wikipedia.org/wiki/Wikipedia:L%C3%B6schkandidaten/6._April_2026,
06.Apr.2026,[[Mordfall Eckard Rütz]],A0,B8,E2,23,https://de.wikipedia.org/wiki/Wikipedia:L%C3%B6schkandidaten/6._April_2026,
06.Apr.2026,[[Schuster und Wilhelmy]],A0,B3,E2,10,https://de.wikipedia.org/wiki/Wikipedia:L%C3%B6schkandidaten/6._April_2026,
06.Apr.2026,[[Sammy Maedge]],A1,B1,E2,22,https://de.wikipedia.org/wiki/Wikipedia:L%C3%B6schkandidaten/6._April_2026,
06.Apr.2026,[[Mathias Klein]],A1,B1,E1,10,https://de.wikipedia.org/wiki/Wikipedia:L%C3%B6schkandidaten/6._April_2026,
06.Apr.2026,[[Amdisen]],A9,B8,E2,7,https://de.wikipedia.org/wiki/Wikipedia:L%C3%B6schkandidaten/6._April_2026,
06.Apr.2026,[[Mordfall Charles Werabe]],A0,B3,E2,19,https://de.wikipedia.org/wiki/Wikipedia:L%C3%B6schkandidaten/6._April_2026,
06.Apr.2026,[[Whoop]],A1,B8,E2,14,https://de.wikipedia.org/wiki/Wikipedia:L%C3%B6schkandidaten/6._April_2026,
06.Apr.2026,[[Frank Buddrus]],A4,B1,E1,9,https://de.wikipedia.org/wiki/Wikipedia:L%C3%B6schkandidaten/6._April_2026,
06.Apr.2026,[[Pedro Fernández Hermida]],A0,B8,E1,1,https://de.wikipedia.org/wiki/Wikipedia:L%C3%B6schkandidaten/6._April_2026,
06.Apr.2026,[[Wappen der Serbisch orthodoxen Kirche]],A0,B8,E1,1,https://de.wikipedia.org/wiki/Wikipedia:L%C3%B6schkandidaten/6._April_2026,
06.Apr.2026,[[Hermann Gerner]],A4,B1,E6,54,https://de.wikipedia.org/wiki/Wikipedia:L%C3%B6schkandidaten/6._April_2026,
06.Apr.2026,[[Carsten Arntz]],A1,B1,E1,9,https://de.wikipedia.org/wiki/Wikipedia:L%C3%B6schkandidaten/6._April_2026,
06.Apr.2026,[[Stutenbissigkeit]],A1,B8,E6,14,https://de.wikipedia.org/wiki/Wikipedia:L%C3%B6schkandidaten/6._April_2026,
06.Apr.2026,[[Johannes Metzdorf-Schmithüsen]],A1,B6,E2,12,https://de.wikipedia.org/wiki/Wikipedia:L%C3%B6schkandidaten/6._April_2026,
06.Apr.2026,[[Antonia Fuchsbauer]],A6,B4,E6,44,https://de.wikipedia.org/wiki/Wikipedia:L%C3%B6schkandidaten/6._April_2026,
06.Apr.2026,[[Christopher Muche]],A0,B1,E6,1,https://de.wikipedia.org/wiki/Wikipedia:L%C3%B6schkandidaten/6._April_2026,
06.Apr.2026,[[7 Wishes]],A0,B6,E2,2,https://de.wikipedia.org/wiki/Wikipedia:L%C3%B6schkandidaten/6._April_2026,
06.Apr.2026,[[Antonia Fuchsbauer]],A1,B4,E6,1,https://de.wikipedia.org/wiki/Wikipedia:L%C3%B6schkandidaten/6._April_2026,
06.Apr.2026,[[Thomas G. Shanks]],A0,B8,E6,6,https://de.wikipedia.org/wiki/Wikipedia:L%C3%B6schkandidaten/6._April_2026,
06.Apr.2026,[[Unicorn on Ketamine]],A1,B6,E1,1,https://de.wikipedia.org/wiki/Wikipedia:L%C3%B6schkandidaten/6._April_2026,
06.Apr.2026,[[Moritz Meißner]],A0,B1,E1,1,https://de.wikipedia.org/wiki/Wikipedia:L%C3%B6schkandidaten/6._April_2026,
11.Apr.2026,[[Ikarus Security Software]],A2,B8,E1,2,https://de.wikipedia.org/wiki/Wikipedia:L%C3%B6schkandidaten/11._April_2026,
11.Apr.2026,[[Bistum Oshakati]],A0,B1,E4,3,https://de.wikipedia.org/wiki/Wikipedia:L%C3%B6schkandidaten/11._April_2026,
11.Apr.2026,[[Tim Shahriar Tabrizi]],A1,B3,E1,10,https://de.wikipedia.org/wiki/Wikipedia:L%C3%B6schkandidaten/11._April_2026,
11.Apr.2026,[[Stadtbrauerei Wittichenau]],A4,B1,E6,13,https://de.wikipedia.org/wiki/Wikipedia:L%C3%B6schkandidaten/11._April_2026,
11.Apr.2026,[[Green Awards]],A4,B1,E1,4,https://de.wikipedia.org/wiki/Wikipedia:L%C3%B6schkandidaten/11._April_2026,
11.Apr.2026,[[Cenë Zeneli]],A1,B1,E1,33,https://de.wikipedia.org/wiki/Wikipedia:L%C3%B6schkandidaten/11._April_2026,
16.Apr.2026,[[Vorlage:Chronik_macOS/Liste]],A0,B7,E1,1,https://de.wikipedia.org/wiki/Wikipedia:L%C3%B6schkandidaten/16._April_2026,
16.Apr.2026,[[Kim Min-ji,A1,B8,E6,5,https://de.wikipedia.org/wiki/Wikipedia:L%C3%B6schkandidaten/16._April_2026,
16.Apr.2026,[[Abteilungsunterricht]],A0,B8,E3,4,https://de.wikipedia.org/wiki/Wikipedia:L%C3%B6schkandidaten/16._April_2026,
16.Apr.2026,[[Abtrieb,A0,B8,E6,12,https://de.wikipedia.org/wiki/Wikipedia:L%C3%B6schkandidaten/16._April_2026,
16.Apr.2026,[[Aburatorigami]],A0,B8,E1,9,https://de.wikipedia.org/wiki/Wikipedia:L%C3%B6schkandidaten/16._April_2026,
16.Apr.2026,[[Abziehpresse]],A7,B8,E3,24,https://de.wikipedia.org/wiki/Wikipedia:L%C3%B6schkandidaten/16._April_2026,
16.Apr.2026,[[Blue Code International]],A6,B3,E1,12,https://de.wikipedia.org/wiki/Wikipedia:L%C3%B6schkandidaten/16._April_2026,
16.Apr.2026,[[Fluglicht]],A1,B8,E1,4,https://de.wikipedia.org/wiki/Wikipedia:L%C3%B6schkandidaten/16._April_2026,
16.Apr.2026,[[Viru Keskus]],A0,B1,E3,4,https://de.wikipedia.org/wiki/Wikipedia:L%C3%B6schkandidaten/16._April_2026,
16.Apr.2026,[[Tagesspiegel Background]],A1,B1,E6,21,https://de.wikipedia.org/wiki/Wikipedia:L%C3%B6schkandidaten/16._April_2026,
16.Apr.2026,[[Sarajevo-Safari]],A0,B6,E2,16,https://de.wikipedia.org/wiki/Wikipedia:L%C3%B6schkandidaten/16._April_2026,
16.Apr.2026,[[Accentus]],A7,B8,E2,6,https://de.wikipedia.org/wiki/Wikipedia:L%C3%B6schkandidaten/16._April_2026,
16.Apr.2026,[[Karin Maria Pfeifer]],A1,B8,E6,28,https://de.wikipedia.org/wiki/Wikipedia:L%C3%B6schkandidaten/16._April_2026,
16.Apr.2026,[[Accuface]],A9,B5,E1,2,https://de.wikipedia.org/wiki/Wikipedia:L%C3%B6schkandidaten/16._April_2026,
16.Apr.2026,[[Mark Humme]],A0,B1,E6,8,https://de.wikipedia.org/wiki/Wikipedia:L%C3%B6schkandidaten/16._April_2026,
16.Apr.2026,[[Açma]],A0,B8,E2,13,https://de.wikipedia.org/wiki/Wikipedia:L%C3%B6schkandidaten/16._April_2026,
16.Apr.2026,[[Josef Zettler,A0,B8,E1,3,https://de.wikipedia.org/wiki/Wikipedia:L%C3%B6schkandidaten/16._April_2026,
16.Apr.2026,[[Institut für Philosophie der Universität Hildesheim]],A9,B3,E6,8,https://de.wikipedia.org/wiki/Wikipedia:L%C3%B6schkandidaten/16._April_2026,
16.Apr.2026,[[Shimon Kutnovsky-Liak]],A5,B1,E7,27,https://de.wikipedia.org/wiki/Wikipedia:L%C3%B6schkandidaten/16._April_2026,
16.Apr.2026,[[Wasfia Nazreen]],A1,B1,E6,8,https://de.wikipedia.org/wiki/Wikipedia:L%C3%B6schkandidaten/16._April_2026,
16.Apr.2026,[[Trägerkreis Globale Perspektiven im Film]],A7,B3,E6,5,https://de.wikipedia.org/wiki/Wikipedia:L%C3%B6schkandidaten/16._April_2026,
16.Apr.2026,[[Krapfen,A6,B8,E6,5,https://de.wikipedia.org/wiki/Wikipedia:L%C3%B6schkandidaten/16._April_2026,
16.Apr.2026,[[Lucy Safo]],A0,B3,E6,19,https://de.wikipedia.org/wiki/Wikipedia:L%C3%B6schkandidaten/16._April_2026,
21.Apr.2026,[[Liars,A0,B8,E6,3,https://de.wikipedia.org/wiki/Wikipedia:L%C3%B6schkandidaten/21._April_2026,
21.Apr.2026,[[Galerie 94]],A4,B8,E6,1,https://de.wikipedia.org/wiki/Wikipedia:L%C3%B6schkandidaten/21._April_2026,
21.Apr.2026,[[Kleinfeldtastatur]],A0,B3,E6,13,https://de.wikipedia.org/wiki/Wikipedia:L%C3%B6schkandidaten/21._April_2026,
21.Apr.2026,[[Oberrotweiler Winzerverein]],A9,B3,E1,26,https://de.wikipedia.org/wiki/Wikipedia:L%C3%B6schkandidaten/21._April_2026,
21.Apr.2026,[[Karimunnesa Khanam Chaudhurani]],A1,B8,E3,11,https://de.wikipedia.org/wiki/Wikipedia:L%C3%B6schkandidaten/21._April_2026,
21.Apr.2026,[[Galerie 94]],A1,B8,E1,8,https://de.wikipedia.org/wiki/Wikipedia:L%C3%B6schkandidaten/21._April_2026,
21.Apr.2026,[[Nanon Esja Wendel]],A4,B6,E1,19,https://de.wikipedia.org/wiki/Wikipedia:L%C3%B6schkandidaten/21._April_2026,
21.Apr.2026,[[Petri Kallio]],A1,B1,E3,11,https://de.wikipedia.org/wiki/Wikipedia:L%C3%B6schkandidaten/21._April_2026,
21.Apr.2026,[[Joey A. Vaising]],A1,B1,E2,32,https://de.wikipedia.org/wiki/Wikipedia:L%C3%B6schkandidaten/21._April_2026,
